Confirmed,Deaths,States,Recovered,Date,Id
3563,93,Alabama,,12-Apr,1
272,8,Alaska,66,12-Apr,2
3542,115,Arizona,,12-Apr,4
1280,27,Arkansas,367,12-Apr,5
22795,640,California,,12-Apr,6
7307,289,Colorado,,12-Apr,8
12035,554,Connecticut,,12-Apr,9
1625,35,Delaware,191,12-Apr,10
1875,50,District of Columbia,493,12-Apr,11
19895,461,Florida,,12-Apr,12
12452,433,Georgia,,12-Apr,13
133,5,Guam,58,12-Apr,66
499,9,Hawaii,300,12-Apr,15
1407,27,Idaho,,12-Apr,16
20852,720,Illinois,,12-Apr,17
7928,343,Indiana,,12-Apr,18
1587,41,Iowa,674,12-Apr,19
1344,56,Kansas,,12-Apr,20
1963,97,Kentucky,464,12-Apr,21
20595,840,Louisiana,,12-Apr,22
633,19,Maine,266,12-Apr,23
8225,236,Maryland,456,12-Apr,24
25475,756,Massachusetts,,12-Apr,25
24244,1479,Michigan,433,12-Apr,26
1621,70,Minnesota,842,12-Apr,27
2781,96,Mississippi,,12-Apr,28
4269,118,Missouri,,12-Apr,29
387,6,Montana,169,12-Apr,30
791,17,Nebraska,,12-Apr,31
2836,112,Nevada,,12-Apr,32
929,23,New Hampshire,236,12-Apr,33
61850,2350,New Jersey,,12-Apr,34
1245,26,New Mexico,235,12-Apr,35
189033,9385,New York,23887,12-Apr,36
4570,89,North Carolina,,12-Apr,37
308,7,North Dakota,121,12-Apr,38
6604,253,Ohio,,12-Apr,39
1970,96,Oklahoma,865,12-Apr,40
1527,52,Oregon,,12-Apr,41
22938,557,Pennsylvania,,12-Apr,42
897,44,Puerto Rico,,12-Apr,72
2665,63,Rhode Island,35,12-Apr,44
3320,82,South Carolina,,12-Apr,45
730,6,South Dakota,197,12-Apr,46
5508,106,Tennessee,1504,12-Apr,47
13677,283,Texas,2014,12-Apr,48
2303,18,Utah,,12-Apr,49
727,27,Vermont,15,12-Apr,50
5274,141,Virginia,,12-Apr,51
10609,506,Washington,,12-Apr,53
593,6,West Virginia,83,12-Apr,54
3341,144,Wisconsin,,12-Apr,55
270,0,Wyoming,137,12-Apr,56
0,0,American Samoa,,12-Apr,60
11,2,Northern Mariana Islands,,12-Apr,69
51,1,Virgin Islands,43,12-Apr,78
3734,99,Alabama,,13-Apr,1
277,8,Alaska,85,13-Apr,2
0,0,American Samoa,,13-Apr,60
3705,122,Arizona,,13-Apr,4
1410,29,Arkansas,391,13-Apr,5
23931,714,California,,13-Apr,6
7691,306,Colorado,,13-Apr,8
13381,602,Connecticut,,13-Apr,9
1758,41,Delaware,213,13-Apr,10
1955,52,District of Columbia,507,13-Apr,11
21019,499,Florida,,13-Apr,12
13315,465,Georgia,,13-Apr,13
133,5,Guam,58,13-Apr,66
504,9,Hawaii,310,13-Apr,15
1426,27,Idaho,,13-Apr,16
22025,798,Illinois,,13-Apr,17
8359,350,Indiana,,13-Apr,18
1710,41,Iowa,741,13-Apr,19
1390,62,Kansas,,13-Apr,20
2018,113,Kentucky,607,13-Apr,21
21016,884,Louisiana,,13-Apr,22
698,19,Maine,273,13-Apr,23
8936,262,Maryland,603,13-Apr,24
26867,844,Massachusetts,,13-Apr,25
25635,1602,Michigan,447,13-Apr,26
1621,70,Minnesota,842,13-Apr,27
2942,98,Mississippi,,13-Apr,28
4515,123,Missouri,,13-Apr,29
394,7,Montana,171,13-Apr,30
814,17,Nebraska,,13-Apr,31
2990,114,Nevada,,13-Apr,32
985,23,New Hampshire,239,13-Apr,33
64584,2443,New Jersey,,13-Apr,34
1262,26,New Mexico,295,13-Apr,35
195749,10058,New York,23887,13-Apr,36
4886,94,North Carolina,,13-Apr,37
331,8,North Dakota,127,13-Apr,38
11,2,Northern Mariana Islands,,13-Apr,69
6975,274,Ohio,,13-Apr,39
2069,99,Oklahoma,865,13-Apr,40
1584,53,Oregon,,13-Apr,41
24292,589,Pennsylvania,,13-Apr,42
903,45,Puerto Rico,,13-Apr,72
2665,63,Rhode Island,135,13-Apr,44
3391,82,South Carolina,,13-Apr,45
868,6,South Dakota,207,13-Apr,46
5610,109,Tennessee,1671,13-Apr,47
14275,305,Texas,2269,13-Apr,48
2363,13,Utah,218,13-Apr,49
748,28,Vermont,15,13-Apr,50
51,1,Virgin Islands,43,13-Apr,78
5747,149,Virginia,,13-Apr,51
10635,513,Washington,,13-Apr,53
611,8,West Virginia,85,13-Apr,54
3428,154,Wisconsin,,13-Apr,55
275,1,Wyoming,138,13-Apr,56
3953,114,Alabama,,14-Apr,1
285,9,Alaska,98,14-Apr,2
0,0,American Samoa,,14-Apr,60
3809,131,Arizona,249,14-Apr,4
1498,32,Arkansas,427,14-Apr,5
25356,767,California,,14-Apr,6
7950,327,Colorado,,14-Apr,8
13989,671,Connecticut,,14-Apr,9
1926,43,Delaware,277,14-Apr,10
2058,67,District of Columbia,518,14-Apr,11
21628,571,Florida,,14-Apr,12
14578,525,Georgia,,14-Apr,13
133,5,Guam,66,14-Apr,66
511,9,Hawaii,315,14-Apr,15
1464,33,Idaho,,14-Apr,16
23248,868,Illinois,,14-Apr,17
8527,387,Indiana,,14-Apr,18
1899,49,Iowa,741,14-Apr,19
1441,69,Kansas,,14-Apr,20
2048,106,Kentucky,629,14-Apr,21
21518,1013,Louisiana,,14-Apr,22
735,20,Maine,292,14-Apr,23
9472,302,Maryland,607,14-Apr,24
28164,844,Massachusetts,,14-Apr,25
27001,1768,Michigan,452,14-Apr,26
1695,79,Minnesota,909,14-Apr,27
3087,111,Mississippi,,14-Apr,28
4746,149,Missouri,,14-Apr,29
399,7,Montana,197,14-Apr,30
897,20,Nebraska,,14-Apr,31
3134,126,Nevada,,14-Apr,32
922,25,New Hampshire,249,14-Apr,33
68824,2805,New Jersey,,14-Apr,34
1345,31,New Mexico,304,14-Apr,35
203020,10842,New York,23887,14-Apr,36
5113,112,North Carolina,,14-Apr,37
341,8,North Dakota,138,14-Apr,38
11,2,Northern Mariana Islands,,14-Apr,69
7285,324,Ohio,,14-Apr,39
2184,108,Oklahoma,1060,14-Apr,40
1633,55,Oregon,,14-Apr,41
25465,691,Pennsylvania,,14-Apr,42
923,45,Puerto Rico,,14-Apr,72
3251,80,Rhode Island,135,14-Apr,44
3553,97,South Carolina,,14-Apr,45
988,6,South Dakota,261,14-Apr,46
5827,124,Tennessee,1969,14-Apr,47
15006,342,Texas,2580,14-Apr,48
2417,18,Utah,218,14-Apr,49
752,29,Vermont,15,14-Apr,50
51,1,Virgin Islands,44,14-Apr,78
6182,154,Virginia,721,14-Apr,51
10799,530,Washington,,14-Apr,53
640,9,West Virginia,147,14-Apr,54
3555,170,Wisconsin,,14-Apr,55
282,1,Wyoming,140,14-Apr,56
4075,118,Alabama,,15-Apr,1
293,9,Alaska,106,15-Apr,2
0,0,American Samoa,,15-Apr,60
3964,142,Arizona,385,15-Apr,4
1569,33,Arkansas,489,15-Apr,5
26686,860,California,,15-Apr,6
7956,328,Colorado,,15-Apr,8
14755,868,Connecticut,,15-Apr,9
2014,46,Delaware,354,15-Apr,10
2197,72,District of Columbia,530,15-Apr,11
22511,596,Florida,,15-Apr,12
14987,552,Georgia,,15-Apr,13
135,5,Guam,73,15-Apr,66
524,9,Hawaii,333,15-Apr,15
1473,39,Idaho,,15-Apr,16
24593,949,Illinois,,15-Apr,17
8960,436,Indiana,,15-Apr,18
1995,53,Iowa,908,15-Apr,19
1504,71,Kansas,,15-Apr,20
2210,115,Kentucky,653,15-Apr,21
21951,1103,Louisiana,,15-Apr,22
770,24,Maine,305,15-Apr,23
10032,311,Maryland,607,15-Apr,24
29918,1108,Massachusetts,,15-Apr,25
28059,1921,Michigan,452,15-Apr,26
1809,87,Minnesota,940,15-Apr,27
3360,122,Mississippi,,15-Apr,28
4791,153,Missouri,,15-Apr,29
404,7,Montana,209,15-Apr,30
901,20,Nebraska,,15-Apr,31
3211,131,Nevada,,15-Apr,32
1139,32,New Hampshire,365,15-Apr,33
71030,3156,New Jersey,,15-Apr,34
1484,36,New Mexico,340,15-Apr,35
214454,11617,New York,23887,15-Apr,36
5340,130,North Carolina,,15-Apr,37
365,9,North Dakota,142,15-Apr,38
13,2,Northern Mariana Islands,,15-Apr,69
7794,362,Ohio,,15-Apr,39
2263,123,Oklahoma,1115,15-Apr,40
1663,58,Oregon,,15-Apr,41
26753,779,Pennsylvania,,15-Apr,42
974,51,Puerto Rico,,15-Apr,72
3251,80,Rhode Island,168,15-Apr,44
3656,106,South Carolina,,15-Apr,45
1168,6,South Dakota,329,15-Apr,46
5827,124,Tennessee,2196,15-Apr,47
15907,375,Texas,3150,15-Apr,48
2548,20,Utah,218,15-Apr,49
759,29,Vermont,15,15-Apr,50
51,1,Virgin Islands,44,15-Apr,78
6500,195,Virginia,752,15-Apr,51
10942,552,Washington,,15-Apr,53
702,10,West Virginia,211,15-Apr,54
3721,183,Wisconsin,,15-Apr,55
287,1,Wyoming,129,15-Apr,56
4345,133,Alabama,,16-Apr,1
300,9,Alaska,110,16-Apr,2
0,0,American Samoa,,16-Apr,60
4237,150,Arizona,460,16-Apr,4
1620,37,Arkansas,548,16-Apr,5
27677,956,California,,16-Apr,6
8286,355,Colorado,,16-Apr,8
15884,971,Connecticut,,16-Apr,9
2070,55,Delaware,378,16-Apr,10
2350,81,District of Columbia,552,16-Apr,11
23343,668,Florida,,16-Apr,12
15669,587,Georgia,,16-Apr,13
135,5,Guam,86,16-Apr,66
530,9,Hawaii,359,16-Apr,15
1587,41,Idaho,,16-Apr,16
25734,1072,Illinois,,16-Apr,17
9542,477,Indiana,,16-Apr,18
2141,60,Iowa,987,16-Apr,19
1615,80,Kansas,,16-Apr,20
2435,129,Kentucky,862,16-Apr,21
22532,1156,Louisiana,,16-Apr,22
796,27,Maine,333,16-Apr,23
10784,319,Maryland,736,16-Apr,24
32181,1108,Massachusetts,,16-Apr,25
28809,1996,Michigan,617,16-Apr,26
1809,87,Minnesota,1020,16-Apr,27
3624,129,Mississippi,,16-Apr,28
5174,169,Missouri,,16-Apr,29
415,7,Montana,218,16-Apr,30
952,21,Nebraska,,16-Apr,31
3214,137,Nevada,,16-Apr,32
1139,32,New Hampshire,365,16-Apr,33
75317,3518,New Jersey,,16-Apr,34
1484,36,New Mexico,353,16-Apr,35
223691,14832,New York,23887,16-Apr,36
5639,150,North Carolina,,16-Apr,37
393,9,North Dakota,163,16-Apr,38
13,2,Northern Mariana Islands,,16-Apr,69
8414,407,Ohio,,16-Apr,39
2357,131,Oklahoma,1240,16-Apr,40
1736,64,Oregon,,16-Apr,41
28258,841,Pennsylvania,,16-Apr,42
1043,56,Puerto Rico,,16-Apr,72
3529,87,Rhode Island,182,16-Apr,44
3931,111,South Carolina,,16-Apr,45
1311,7,South Dakota,373,16-Apr,46
6375,136,Tennessee,2786,16-Apr,47
16876,414,Texas,3677,16-Apr,48
2683,20,Utah,357,16-Apr,49
774,33,Vermont,15,16-Apr,50
51,1,Virgin Islands,46,16-Apr,78
6889,208,Virginia,951,16-Apr,51
11057,579,Washington,,16-Apr,53
728,12,West Virginia,223,16-Apr,54
3875,197,Wisconsin,,16-Apr,55
296,2,Wyoming,148,16-Apr,56
4571,148,Alabama,,17-Apr,1
309,9,Alaska,128,17-Apr,2
0,0,American Samoa,,17-Apr,60
4511,169,Arizona,539,17-Apr,4
1695,37,Arkansas,593,17-Apr,5
29157,1037,California,,17-Apr,6
8691,372,Colorado,,17-Apr,8
16809,1036,Connecticut,,17-Apr,9
2317,61,Delaware,378,17-Apr,10
2476,86,District of Columbia,573,17-Apr,11
24759,725,Florida,,17-Apr,12
17194,650,Georgia,,17-Apr,13
136,5,Guam,97,17-Apr,66
541,9,Hawaii,374,17-Apr,15
1609,41,Idaho,390,17-Apr,16
27578,1132,Illinois,,17-Apr,17
10154,522,Indiana,,17-Apr,18
2332,64,Iowa,1007,17-Apr,19
1730,82,Kansas,,17-Apr,20
2522,137,Kentucky,956,17-Apr,21
23118,1213,Louisiana,,17-Apr,22
827,29,Maine,352,17-Apr,23
11572,334,Maryland,736,17-Apr,24
34402,1245,Massachusetts,,17-Apr,25
30023,2227,Michigan,629,17-Apr,26
2070,111,Minnesota,1066,17-Apr,27
3793,140,Mississippi,,17-Apr,28
5371,184,Missouri,,17-Apr,29
422,8,Montana,233,17-Apr,30
1066,24,Nebraska,,17-Apr,31
3524,142,Nevada,,17-Apr,32
1287,37,New Hampshire,455,17-Apr,33
78467,3840,New Jersey,,17-Apr,34
1597,44,New Mexico,353,17-Apr,35
230597,17131,New York,23887,17-Apr,36
6045,177,North Carolina,,17-Apr,37
393,9,North Dakota,172,17-Apr,38
13,2,Northern Mariana Islands,,17-Apr,69
9107,418,Ohio,,17-Apr,39
2465,136,Oklahoma,1331,17-Apr,40
1785,70,Oregon,,17-Apr,41
29888,921,Pennsylvania,,17-Apr,42
1068,58,Puerto Rico,,17-Apr,72
4177,118,Rhode Island,196,17-Apr,44
4099,116,South Carolina,,17-Apr,45
1411,7,South Dakota,457,17-Apr,46
6263,141,Tennessee,3017,17-Apr,47
17849,451,Texas,4190,17-Apr,48
2793,23,Utah,443,17-Apr,49
779,35,Vermont,15,17-Apr,50
51,2,Virgin Islands,46,17-Apr,78
7491,231,Virginia,1110,17-Apr,51
11517,603,Washington,,17-Apr,53
775,16,West Virginia,223,17-Apr,54
4053,206,Wisconsin,,17-Apr,55
305,2,Wyoming,148,17-Apr,56
4712,153,Alabama,,18-Apr,1
314,9,Alaska,147,18-Apr,2
0,0,American Samoa,,18-Apr,60
4724,180,Arizona,539,18-Apr,4
1744,38,Arkansas,703,18-Apr,5
30491,1140,California,,18-Apr,6
9047,389,Colorado,,18-Apr,8
17550,1086,Connecticut,,18-Apr,9
2538,67,Delaware,423,18-Apr,10
2666,91,District of Columbia,608,18-Apr,11
25492,748,Florida,,18-Apr,12
17669,673,Georgia,,18-Apr,13
136,5,Guam,110,18-Apr,66
574,9,Hawaii,390,18-Apr,15
1655,43,Idaho,453,18-Apr,16
29160,1259,Illinois,,18-Apr,17
10641,545,Indiana,,18-Apr,18
2513,74,Iowa,1095,18-Apr,19
1821,85,Kansas,,18-Apr,20
2707,144,Kentucky,979,18-Apr,21
23580,1267,Louisiana,,18-Apr,22
847,32,Maine,382,18-Apr,23
12326,421,Maryland,771,18-Apr,24
36372,1404,Massachusetts,,18-Apr,25
30791,2308,Michigan,3237,18-Apr,26
2209,121,Minnesota,1118,18-Apr,27
3974,152,Mississippi,,18-Apr,28
5579,197,Missouri,,18-Apr,29
426,10,Montana,234,18-Apr,30
1249,24,Nebraska,,18-Apr,31
3626,151,Nevada,,18-Apr,32
1342,38,New Hampshire,468,18-Apr,33
81420,4070,New Jersey,,18-Apr,34
1798,53,New Mexico,382,18-Apr,35
241712,17671,New York,23887,18-Apr,36
6328,187,North Carolina,,18-Apr,37
528,9,North Dakota,183,18-Apr,38
14,2,Northern Mariana Islands,9,18-Apr,69
10222,451,Ohio,,18-Apr,39
2465,136,Oklahoma,1515,18-Apr,40
1844,72,Oregon,,18-Apr,41
31652,1042,Pennsylvania,,18-Apr,42
1118,60,Puerto Rico,,18-Apr,72
4491,137,Rhode Island,217,18-Apr,44
4248,119,South Carolina,2633,18-Apr,45
1542,7,South Dakota,552,18-Apr,46
6589,142,Tennessee,3234,18-Apr,47
18704,476,Texas,4806,18-Apr,48
2917,25,Utah,565,18-Apr,49
803,38,Vermont,15,18-Apr,50
53,3,Virgin Islands,46,18-Apr,78
8053,258,Virginia,1228,18-Apr,51
11776,613,Washington,,18-Apr,53
785,16,West Virginia,255,18-Apr,54
4199,212,Wisconsin,,18-Apr,55
309,2,Wyoming,206,18-Apr,56
4888,157,Alabama,,19-Apr,1
319,9,Alaska,153,19-Apr,2
0,0,American Samoa,,19-Apr,60
4933,184,Arizona,994,19-Apr,4
1781,39,Arkansas,721,19-Apr,5
31431,1177,California,,19-Apr,6
9730,420,Colorado,,19-Apr,8
17962,1127,Connecticut,,19-Apr,9
2538,67,Delaware,466,19-Apr,10
2793,96,District of Columbia,622,19-Apr,11
26314,774,Florida,,19-Apr,12
18301,687,Georgia,,19-Apr,13
136,5,Guam,112,19-Apr,66
580,10,Hawaii,410,19-Apr,15
1668,44,Idaho,520,19-Apr,16
30357,1290,Illinois,,19-Apr,17
11211,562,Indiana,,19-Apr,18
2902,75,Iowa,1171,19-Apr,19
1905,93,Kansas,,19-Apr,20
2960,146,Kentucky,1174,19-Apr,21
23928,1296,Louisiana,,19-Apr,22
867,34,Maine,393,19-Apr,23
12847,461,Maryland,914,19-Apr,24
38077,1706,Massachusetts,,19-Apr,25
31424,2391,Michigan,3237,19-Apr,26
2356,134,Minnesota,1160,19-Apr,27
4274,159,Mississippi,,19-Apr,28
5743,199,Missouri,,19-Apr,29
433,10,Montana,243,19-Apr,30
1474,28,Nebraska,,19-Apr,31
3728,158,Nevada,,19-Apr,32
1390,38,New Hampshire,513,19-Apr,33
85301,4362,New Jersey,,19-Apr,34
1845,55,New Mexico,465,19-Apr,35
247815,18298,New York,23887,19-Apr,36
6601,200,North Carolina,,19-Apr,37
585,9,North Dakota,189,19-Apr,38
14,2,Northern Mariana Islands,9,19-Apr,69
11602,471,Ohio,,19-Apr,39
2567,140,Oklahoma,1575,19-Apr,40
1910,74,Oregon,,19-Apr,41
32902,1276,Pennsylvania,,19-Apr,42
1213,62,Puerto Rico,,19-Apr,72
4706,150,Rhode Island,244,19-Apr,44
4377,120,South Carolina,2633,19-Apr,45
1635,7,South Dakota,646,19-Apr,46
7070,148,Tennessee,3344,19-Apr,47
19260,490,Texas,5334,19-Apr,48
3069,27,Utah,679,19-Apr,49
813,38,Vermont,15,19-Apr,50
53,3,Virgin Islands,48,19-Apr,78
8542,277,Virginia,1267,19-Apr,51
12255,636,Washington,,19-Apr,53
890,18,West Virginia,265,19-Apr,54
4346,220,Wisconsin,,19-Apr,55
313,2,Wyoming,227,19-Apr,56
5079,163,Alabama,,20-Apr,1
321,9,Alaska,161,20-Apr,2
0,0,American Samoa,,20-Apr,60
5068,191,Arizona,1155,20-Apr,4
1973,41,Arkansas,749,20-Apr,5
33686,1225,California,,20-Apr,6
9730,420,Colorado,,20-Apr,8
19815,1331,Connecticut,,20-Apr,9
2745,72,Delaware,495,20-Apr,10
2927,105,District of Columbia,630,20-Apr,11
27059,822,Florida,,20-Apr,12
19407,775,Georgia,,20-Apr,13
136,5,Guam,112,20-Apr,66
584,10,Hawaii,414,20-Apr,15
1672,45,Idaho,585,20-Apr,16
31513,1349,Illinois,,20-Apr,17
11688,577,Indiana,,20-Apr,18
3159,79,Iowa,1235,20-Apr,19
2048,102,Kansas,,20-Apr,20
3050,154,Kentucky,1174,20-Apr,21
24523,1328,Louisiana,,20-Apr,22
875,35,Maine,414,20-Apr,23
13684,582,Maryland,917,20-Apr,24
38077,1706,Massachusetts,,20-Apr,25
32000,2468,Michigan,3237,20-Apr,26
2470,143,Minnesota,1202,20-Apr,27
4512,169,Mississippi,,20-Apr,28
5890,200,Missouri,,20-Apr,29
433,10,Montana,243,20-Apr,30
1648,33,Nebraska,,20-Apr,31
3830,159,Nevada,,20-Apr,32
1447,42,New Hampshire,521,20-Apr,33
88722,4496,New Jersey,,20-Apr,34
1971,58,New Mexico,487,20-Apr,35
253060,18611,New York,23887,20-Apr,36
6895,218,North Carolina,,20-Apr,37
627,9,North Dakota,189,20-Apr,38
14,2,Northern Mariana Islands,11,20-Apr,69
12919,509,Ohio,,20-Apr,39
2680,143,Oklahoma,1614,20-Apr,40
1957,75,Oregon,,20-Apr,41
33914,1348,Pennsylvania,,20-Apr,42
1252,63,Puerto Rico,,20-Apr,72
5090,155,Rhode Island,267,20-Apr,44
4446,123,South Carolina,2063,20-Apr,45
1685,7,South Dakota,709,20-Apr,46
7238,152,Tennessee,3575,20-Apr,47
19751,507,Texas,5706,20-Apr,48
3213,28,Utah,776,20-Apr,49
816,38,Vermont,15,20-Apr,50
53,3,Virgin Islands,48,20-Apr,78
8990,300,Virginia,1324,20-Apr,51
12114,643,Washington,,20-Apr,53
902,24,West Virginia,290,20-Apr,54
4499,230,Wisconsin,,20-Apr,55
317,2,Wyoming,233,20-Apr,56
5317,183,Alabama,,21-Apr,1
329,9,Alaska,168,21-Apr,2
0,0,American Samoa,,21-Apr,60
5256,208,Arizona,1155,21-Apr,4
1990,42,Arkansas,809,21-Apr,5
35465,1282,California,,21-Apr,6
10473,483,Colorado,,21-Apr,8
20360,1423,Connecticut,,21-Apr,9
2931,82,Delaware,565,21-Apr,10
3098,112,District of Columbia,636,21-Apr,11
27869,867,Florida,,21-Apr,12
19881,798,Georgia,,21-Apr,13
136,5,Guam,114,21-Apr,66
586,10,Hawaii,423,21-Apr,15
1736,48,Idaho,660,21-Apr,16
33059,1468,Illinois,,21-Apr,17
12097,635,Indiana,,21-Apr,18
3641,83,Iowa,1293,21-Apr,19
2164,109,Kansas,,21-Apr,20
3204,171,Kentucky,1174,21-Apr,21
24854,1405,Louisiana,,21-Apr,22
888,36,Maine,443,21-Apr,23
14193,652,Maryland,930,21-Apr,24
41199,1961,Massachusetts,,21-Apr,25
32667,2575,Michigan,3237,21-Apr,26
2567,160,Minnesota,1254,21-Apr,27
4716,183,Mississippi,,21-Apr,28
6066,224,Missouri,,21-Apr,29
437,12,Montana,273,21-Apr,30
1685,33,Nebraska,,21-Apr,31
3937,163,Nevada,,21-Apr,32
1490,42,New Hampshire,521,21-Apr,33
92387,4753,New Jersey,,21-Apr,34
1971,58,New Mexico,501,21-Apr,35
258361,19104,New York,23887,21-Apr,36
7134,245,North Carolina,,21-Apr,37
644,13,North Dakota,214,21-Apr,38
14,2,Northern Mariana Islands,11,21-Apr,69
13725,557,Ohio,,21-Apr,39
2807,164,Oklahoma,1702,21-Apr,40
2004,78,Oregon,,21-Apr,41
35249,1614,Pennsylvania,,21-Apr,42
1298,64,Puerto Rico,,21-Apr,72
5500,171,Rhode Island,315,21-Apr,44
4439,124,South Carolina,2063,21-Apr,45
1755,8,South Dakota,824,21-Apr,46
7394,157,Tennessee,3828,21-Apr,47
20574,533,Texas,6486,21-Apr,48
3297,32,Utah,888,21-Apr,49
818,40,Vermont,1710,21-Apr,50
53,3,Virgin Islands,48,21-Apr,78
9630,324,Virginia,1418,21-Apr,51
12392,664,Washington,,21-Apr,53
908,26,West Virginia,330,21-Apr,54
4625,244,Wisconsin,,21-Apr,55
443,2,Wyoming,237,21-Apr,56
5593,196,Alabama,,22-Apr,1
335,9,Alaska,196,22-Apr,2
0,0,American Samoa,,22-Apr,60
5473,231,Arizona,1265,22-Apr,4
2276,42,Arkansas,863,22-Apr,5
37344,1421,California,,22-Apr,6
10891,506,Colorado,,22-Apr,8
22469,1544,Connecticut,,22-Apr,9
3200,89,Delaware,599,22-Apr,10
3206,127,District of Columbia,645,22-Apr,11
28309,893,Florida,,22-Apr,12
21214,848,Georgia,,22-Apr,13
136,5,Guam,119,22-Apr,66
592,12,Hawaii,437,22-Apr,15
1766,51,Idaho,710,22-Apr,16
35107,1565,Illinois,,22-Apr,17
12438,666,Indiana,,22-Apr,18
3748,90,Iowa,1428,22-Apr,19
2331,112,Kansas,,22-Apr,20
3378,185,Kentucky,1266,22-Apr,21
25258,1473,Louisiana,,22-Apr,22
907,39,Maine,455,22-Apr,23
14775,698,Maryland,981,22-Apr,24
42944,2182,Massachusetts,,22-Apr,25
33966,2813,Michigan,3237,22-Apr,26
2722,179,Minnesota,1317,22-Apr,27
4894,193,Mississippi,,22-Apr,28
6277,238,Missouri,,22-Apr,29
439,14,Montana,296,22-Apr,30
1813,38,Nebraska,,22-Apr,31
4081,172,Nevada,,22-Apr,32
1588,48,New Hampshire,546,22-Apr,33
95914,5150,New Jersey,,22-Apr,34
2210,71,New Mexico,529,22-Apr,35
263292,19413,New York,23887,22-Apr,36
7495,265,North Carolina,,22-Apr,37
679,14,North Dakota,229,22-Apr,38
14,2,Northern Mariana Islands,11,22-Apr,69
14117,610,Ohio,,22-Apr,39
2894,170,Oklahoma,1772,22-Apr,40
2059,78,Oregon,,22-Apr,41
36082,1673,Pennsylvania,,22-Apr,42
1252,63,Puerto Rico,,22-Apr,72
5841,181,Rhode Island,315,22-Apr,44
4761,140,South Carolina,3317,22-Apr,45
1858,9,South Dakota,937,22-Apr,46
7394,157,Tennessee,4012,22-Apr,47
21321,556,Texas,7341,22-Apr,48
3445,32,Utah,970,22-Apr,49
823,40,Vermont,1710,22-Apr,50
54,3,Virgin Islands,48,22-Apr,78
10266,349,Virginia,1497,22-Apr,51
12596,686,Washington,,22-Apr,53
939,27,West Virginia,330,22-Apr,54
4845,248,Wisconsin,,22-Apr,55
447,6,Wyoming,254,22-Apr,56
5832,202,Alabama,,23-Apr,1
337,9,Alaska,209,23-Apr,2
0,0,American Samoa,,23-Apr,60
5772,249,Arizona,1282,23-Apr,4
2599,45,Arkansas,902,23-Apr,5
39561,1533,California,,23-Apr,6
11278,552,Colorado,,23-Apr,8
23100,1639,Connecticut,,23-Apr,9
3308,92,Delaware,643,23-Apr,10
3361,139,District of Columbia,648,23-Apr,11
29648,987,Florida,,23-Apr,12
21883,881,Georgia,,23-Apr,13
139,5,Guam,126,23-Apr,66
596,12,Hawaii,444,23-Apr,15
1836,54,Idaho,767,23-Apr,16
36937,1688,Illinois,,23-Apr,17
13039,706,Indiana,,23-Apr,18
3924,96,Iowa,1492,23-Apr,19
2721,113,Kansas,,23-Apr,20
3479,191,Kentucky,1311,23-Apr,21
25739,1599,Louisiana,,23-Apr,22
937,44,Maine,485,23-Apr,23
15737,748,Maryland,1040,23-Apr,24
46023,2360,Massachusetts,,23-Apr,25
35296,2977,Michigan,3237,23-Apr,26
2942,200,Minnesota,1536,23-Apr,27
5153,201,Mississippi,,23-Apr,28
6506,252,Missouri,,23-Apr,29
442,14,Montana,306,23-Apr,30
2202,47,Nebraska,,23-Apr,31
4208,195,Nevada,,23-Apr,32
1670,51,New Hampshire,550,23-Apr,33
100025,5426,New Jersey,,23-Apr,34
2379,78,New Mexico,547,23-Apr,35
263460,20973,New York,23887,23-Apr,36
7820,281,North Carolina,,23-Apr,37
709,15,North Dakota,269,23-Apr,38
14,2,Northern Mariana Islands,11,23-Apr,69
14694,656,Ohio,,23-Apr,39
3017,179,Oklahoma,1884,23-Apr,40
2127,83,Oregon,,23-Apr,41
38379,1724,Pennsylvania,,23-Apr,42
1416,69,Puerto Rico,,23-Apr,72
6256,189,Rhode Island,342,23-Apr,44
4917,150,South Carolina,3317,23-Apr,45
1956,9,South Dakota,1064,23-Apr,46
8266,171,Tennessee,4193,23-Apr,47
22650,604,Texas,8025,23-Apr,48
3612,35,Utah,1050,23-Apr,49
825,43,Vermont,1710,23-Apr,50
54,3,Virgin Islands,48,23-Apr,78
10998,373,Virginia,1567,23-Apr,51
12753,711,Washington,,23-Apr,53
981,31,West Virginia,380,23-Apr,54
5052,258,Wisconsin,,23-Apr,55
453,7,Wyoming,275,23-Apr,56
6026,209,Alabama,,24-Apr,1
339,9,Alaska,208,24-Apr,2
0,0,American Samoa,,24-Apr,60
6045,266,Arizona,1313,24-Apr,4
2810,47,Arkansas,929,24-Apr,5
41355,1621,California,,24-Apr,6
12256,674,Colorado,,24-Apr,8
23936,1767,Connecticut,,24-Apr,9
3442,100,Delaware,703,24-Apr,10
3528,153,District of Columbia,651,24-Apr,11
30533,1046,Florida,,24-Apr,12
22491,899,Georgia,,24-Apr,13
141,5,Guam,126,24-Apr,66
601,13,Hawaii,463,24-Apr,15
1870,54,Idaho,867,24-Apr,16
39658,1795,Illinois,,24-Apr,17
13681,741,Indiana,,24-Apr,18
4445,107,Iowa,1604,24-Apr,19
2959,118,Kansas,,24-Apr,20
3779,200,Kentucky,1341,24-Apr,21
26140,1660,Louisiana,14927,24-Apr,22
965,47,Maine,499,24-Apr,23
16616,798,Maryland,1108,24-Apr,24
50969,2556,Massachusetts,,24-Apr,25
36641,3085,Michigan,3237,24-Apr,26
3185,221,Minnesota,1594,24-Apr,27
5434,209,Mississippi,,24-Apr,28
6788,272,Missouri,,24-Apr,29
444,14,Montana,325,24-Apr,30
2424,50,Nebraska,,24-Apr,31
4398,197,Nevada,,24-Apr,32
1720,53,New Hampshire,578,24-Apr,33
102196,5683,New Jersey,,24-Apr,34
2521,84,New Mexico,614,24-Apr,35
271590,21411,New York,23887,24-Apr,36
8290,294,North Carolina,,24-Apr,37
748,15,North Dakota,285,24-Apr,38
14,2,Northern Mariana Islands,11,24-Apr,69
15169,690,Ohio,,24-Apr,39
3121,188,Oklahoma,1961,24-Apr,40
2177,86,Oregon,,24-Apr,41
40208,1747,Pennsylvania,,24-Apr,42
1276,77,Puerto Rico,,24-Apr,72
6699,202,Rhode Island,377,24-Apr,44
5070,157,South Carolina,3701,24-Apr,45
2040,10,South Dakota,1190,24-Apr,46
8728,169,Tennessee,4370,24-Apr,47
23642,624,Texas,9156,24-Apr,48
3782,39,Utah,1252,24-Apr,49
827,44,Vermont,1710,24-Apr,50
54,3,Virgin Islands,50,24-Apr,78
11594,411,Virginia,1672,24-Apr,51
12977,722,Washington,,24-Apr,53
1010,32,West Virginia,439,24-Apr,54
5356,263,Wisconsin,,24-Apr,55
473,7,Wyoming,321,24-Apr,56
6026,209,Alabama,,25-Apr,1
339,9,Alaska,217,25-Apr,2
0,0,American Samoa,,25-Apr,60
6286,273,Arizona,1345,25-Apr,4
2911,48,Arkansas,964,25-Apr,5
42368,1689,California,,25-Apr,6
12968,684,Colorado,2086,25-Apr,8
24583,1865,Connecticut,,25-Apr,9
3576,112,Delaware,809,25-Apr,10
3699,165,District of Columbia,652,25-Apr,11
30839,1055,Florida,,25-Apr,12
23222,907,Georgia,,25-Apr,13
141,5,Guam,128,25-Apr,66
605,13,Hawaii,463,25-Apr,15
1887,56,Idaho,867,25-Apr,16
41777,1875,Illinois,,25-Apr,17
14399,786,Indiana,,25-Apr,18
5092,112,Iowa,1723,25-Apr,19
3135,120,Kansas,,25-Apr,20
3915,205,Kentucky,1341,25-Apr,21
26512,1707,Louisiana,14927,25-Apr,22
965,47,Maine,519,25-Apr,23
17766,875,Maryland,1165,25-Apr,24
53348,2730,Massachusetts,,25-Apr,25
37074,3155,Michigan,8342,25-Apr,26
3446,244,Minnesota,1654,25-Apr,27
5718,221,Mississippi,,25-Apr,28
6935,281,Missouri,,25-Apr,29
445,14,Montana,339,25-Apr,30
2719,50,Nebraska,,25-Apr,31
4539,205,Nevada,,25-Apr,32
1797,53,New Hampshire,578,25-Apr,33
105498,5914,New Jersey,,25-Apr,34
2660,93,New Mexico,614,25-Apr,35
282143,22009,New York,23887,25-Apr,36
8768,305,North Carolina,,25-Apr,37
803,16,North Dakota,310,25-Apr,38
14,2,Northern Mariana Islands,11,25-Apr,69
15587,711,Ohio,,25-Apr,39
3194,194,Oklahoma,2080,25-Apr,40
2253,87,Oregon,,25-Apr,41
41153,1793,Pennsylvania,,25-Apr,42
1307,83,Puerto Rico,,25-Apr,72
7129,215,Rhode Island,410,25-Apr,44
5253,166,South Carolina,3701,25-Apr,45
2147,10,South Dakota,1223,25-Apr,46
9189,177,Tennessee,4467,25-Apr,47
24153,638,Texas,9986,25-Apr,48
3948,41,Utah,1399,25-Apr,49
843,46,Vermont,1710,25-Apr,50
55,3,Virgin Islands,51,25-Apr,78
12366,437,Virginia,1717,25-Apr,51
13319,737,Washington,,25-Apr,53
1010,32,West Virginia,439,25-Apr,54
5687,266,Wisconsin,,25-Apr,55
491,7,Wyoming,321,25-Apr,56
6421,219,Alabama,,26-Apr,1
340,9,Alaska,217,26-Apr,2
0,0,American Samoa,,26-Apr,60
6534,275,Arizona,1383,26-Apr,4
3001,51,Arkansas,985,26-Apr,5
43558,1725,California,,26-Apr,6
13441,688,Colorado,2150,26-Apr,8
25269,1924,Connecticut,,26-Apr,9
4034,120,Delaware,911,26-Apr,10
3841,178,District of Columbia,657,26-Apr,11
31532,1075,Florida,,26-Apr,12
23486,916,Georgia,,26-Apr,13
141,5,Guam,128,26-Apr,66
606,14,Hawaii,482,26-Apr,15
1897,56,Idaho,938,26-Apr,16
43903,1933,Illinois,,26-Apr,17
15012,813,Indiana,,26-Apr,18
5476,118,Iowa,1900,26-Apr,19
3277,121,Kansas,,26-Apr,20
4085,208,Kentucky,1501,26-Apr,21
26773,1729,Louisiana,14927,26-Apr,22
1015,50,Maine,532,26-Apr,23
18581,910,Maryland,1177,26-Apr,24
54938,2899,Massachusetts,,26-Apr,25
37778,3315,Michigan,8342,26-Apr,26
3602,272,Minnesota,1774,26-Apr,27
5911,227,Mississippi,,26-Apr,28
7120,283,Missouri,,26-Apr,29
448,14,Montana,339,26-Apr,30
3028,56,Nebraska,,26-Apr,31
4734,206,Nevada,,26-Apr,32
1864,60,New Hampshire,777,26-Apr,33
109038,5938,New Jersey,,26-Apr,34
2726,99,New Mexico,614,26-Apr,35
288045,22269,New York,23887,26-Apr,36
8997,324,North Carolina,,26-Apr,37
867,17,North Dakota,326,26-Apr,38
14,2,Northern Mariana Islands,11,26-Apr,69
15972,728,Ohio,,26-Apr,39
3254,195,Oklahoma,2139,26-Apr,40
2311,92,Oregon,,26-Apr,41
42616,1816,Pennsylvania,,26-Apr,42
1371,84,Puerto Rico,,26-Apr,72
7439,226,Rhode Island,433,26-Apr,44
5498,174,South Carolina,3701,26-Apr,45
2212,11,South Dakota,1257,26-Apr,46
9667,181,Tennessee,4527,26-Apr,47
24967,651,Texas,10763,26-Apr,48
4123,41,Utah,1568,26-Apr,49
851,46,Vermont,,26-Apr,50
57,4,Virgin Islands,51,26-Apr,78
12970,449,Virginia,1815,26-Apr,51
13521,749,Washington,,26-Apr,53
1055,34,West Virginia,455,26-Apr,54
5912,272,Wisconsin,,26-Apr,55
502,7,Wyoming,334,26-Apr,56
6539,228,Alabama,,27-Apr,1
345,9,Alaska,218,27-Apr,2
0,0,American Samoa,,27-Apr,60
6725,275,Arizona,1418,27-Apr,4
3069,51,Arkansas,987,27-Apr,5
44966,1779,California,,27-Apr,6
13879,706,Colorado,2150,27-Apr,8
25997,2012,Connecticut,,27-Apr,9
4162,125,Delaware,996,27-Apr,10
3892,185,District of Columbia,659,27-Apr,11
32138,1088,Florida,,27-Apr,12
24302,995,Georgia,,27-Apr,13
141,5,Guam,128,27-Apr,66
607,16,Hawaii,488,27-Apr,15
1897,56,Idaho,983,27-Apr,16
45883,1983,Illinois,,27-Apr,17
15961,844,Indiana,,27-Apr,18
5868,127,Iowa,2021,27-Apr,19
3473,126,Kansas,,27-Apr,20
4156,213,Kentucky,1511,27-Apr,21
27068,1740,Louisiana,17303,27-Apr,22
1023,51,Maine,549,27-Apr,23
19487,945,Maryland,1263,27-Apr,24
56462,3003,Massachusetts,,27-Apr,25
38210,3407,Michigan,8342,27-Apr,26
3811,286,Minnesota,1842,27-Apr,27
6094,229,Mississippi,,27-Apr,28
7305,343,Missouri,,27-Apr,29
449,14,Montana,352,27-Apr,30
3358,56,Nebraska,,27-Apr,31
4700,206,Nevada,,27-Apr,32
1938,60,New Hampshire,779,27-Apr,33
111188,6044,New Jersey,,27-Apr,34
2825,99,New Mexico,650,27-Apr,35
291996,22668,New York,23887,27-Apr,36
9428,340,North Carolina,,27-Apr,37
942,19,North Dakota,350,27-Apr,38
14,2,Northern Mariana Islands,11,27-Apr,69
16325,753,Ohio,,27-Apr,39
3281,197,Oklahoma,2167,27-Apr,40
2354,92,Oregon,,27-Apr,41
43558,1886,Pennsylvania,,27-Apr,42
1389,84,Puerto Rico,,27-Apr,72
7708,233,Rhode Island,452,27-Apr,44
5613,177,South Carolina,3701,27-Apr,45
2244,11,South Dakota,1316,27-Apr,46
9918,184,Tennessee,4720,27-Apr,47
25321,666,Texas,11170,27-Apr,48
4236,41,Utah,1641,27-Apr,49
855,47,Vermont,,27-Apr,50
57,4,Virgin Islands,51,27-Apr,78
13538,460,Virginia,1843,27-Apr,51
13686,764,Washington,,27-Apr,53
1063,34,West Virginia,455,27-Apr,54
6081,281,Wisconsin,,27-Apr,55
520,7,Wyoming,342,27-Apr,56
6750,242,Alabama,,28-Apr,1
351,9,Alaska,228,28-Apr,2
0,0,American Samoa,,28-Apr,60
6955,275,Arizona,1450,28-Apr,4
3127,57,Arkansas,1146,28-Apr,5
46164,1864,California,,28-Apr,6
14316,736,Colorado,2275,28-Apr,8
26312,2087,Connecticut,,28-Apr,9
4575,137,Delaware,1096,28-Apr,10
3994,190,District of Columbia,660,28-Apr,11
32848,1171,Florida,,28-Apr,12
24922,1036,Georgia,,28-Apr,13
141,5,Guam,129,28-Apr,66
609,16,Hawaii,493,28-Apr,15
1952,60,Idaho,1039,28-Apr,16
48102,2125,Illinois,,28-Apr,17
16588,901,Indiana,,28-Apr,18
6376,136,Iowa,2164,28-Apr,19
3652,127,Kansas,,28-Apr,20
4375,225,Kentucky,1521,28-Apr,21
27286,1801,Louisiana,17303,28-Apr,22
1040,51,Maine,585,28-Apr,23
20113,1016,Maryland,1295,28-Apr,24
58302,3153,Massachusetts,,28-Apr,25
39262,3568,Michigan,8342,28-Apr,26
4181,301,Minnesota,1912,28-Apr,27
6342,239,Mississippi,,28-Apr,28
7450,330,Missouri,,28-Apr,29
451,15,Montana,356,28-Apr,30
3517,56,Nebraska,,28-Apr,31
4821,219,Nevada,,28-Apr,32
2010,60,New Hampshire,798,28-Apr,33
113856,6442,New Jersey,15642,28-Apr,34
2974,105,New Mexico,666,28-Apr,35
295106,22912,New York,51630,28-Apr,36
9755,363,North Carolina,,28-Apr,37
991,19,North Dakota,409,28-Apr,38
14,2,Northern Mariana Islands,12,28-Apr,69
16769,799,Ohio,,28-Apr,39
3410,207,Oklahoma,2260,28-Apr,40
2385,99,Oregon,,28-Apr,41
45137,2046,Pennsylvania,,28-Apr,42
1400,86,Puerto Rico,,28-Apr,72
7927,239,Rhode Island,466,28-Apr,44
5735,192,South Carolina,2830,28-Apr,45
2313,11,South Dakota,1392,28-Apr,46
10052,188,Tennessee,4921,28-Apr,47
26357,719,Texas,11786,28-Apr,48
4345,41,Utah,1704,28-Apr,49
862,47,Vermont,,28-Apr,50
57,4,Virgin Islands,51,28-Apr,78
14339,492,Virginia,1914,28-Apr,51
13842,786,Washington,,28-Apr,53
1095,38,West Virginia,481,28-Apr,54
6289,300,Wisconsin,,28-Apr,55
536,7,Wyoming,343,28-Apr,56
6912,256,Alabama,,29-Apr,1
355,9,Alaska,240,29-Apr,2
0,0,American Samoa,,29-Apr,60
7209,308,Arizona,1475,29-Apr,4
3193,57,Arkansas,1249,29-Apr,5
48747,1946,California,,29-Apr,6
14758,766,Colorado,2275,29-Apr,8
26767,2169,Connecticut,,29-Apr,9
4655,144,Delaware,1173,29-Apr,10
4106,205,District of Columbia,660,29-Apr,11
33193,1218,Florida,,29-Apr,12
25775,1101,Georgia,,29-Apr,13
141,5,Guam,130,29-Apr,66
613,16,Hawaii,505,29-Apr,15
1952,60,Idaho,1087,29-Apr,16
50358,2215,Illinois,,29-Apr,17
17182,964,Indiana,,29-Apr,18
6843,148,Iowa,2428,29-Apr,19
3839,134,Kansas,266,29-Apr,20
4537,234,Kentucky,1617,29-Apr,21
27660,1845,Louisiana,17303,29-Apr,22
1056,52,Maine,615,29-Apr,23
20849,1078,Maryland,1361,29-Apr,24
60265,3405,Massachusetts,,29-Apr,25
40399,3670,Michigan,8342,29-Apr,26
4644,319,Minnesota,2043,29-Apr,27
6569,250,Mississippi,3413,29-Apr,28
7660,338,Missouri,,29-Apr,29
451,16,Montana,382,29-Apr,30
3851,56,Nebraska,,29-Apr,31
4934,230,Nevada,100,29-Apr,32
2058,60,New Hampshire,936,29-Apr,33
116365,6771,New Jersey,15642,29-Apr,34
3213,112,New Mexico,705,29-Apr,35
299691,23477,New York,53238,29-Apr,36
10180,382,North Carolina,,29-Apr,37
1033,19,North Dakota,437,29-Apr,38
14,2,Northern Mariana Islands,12,29-Apr,69
17303,937,Ohio,,29-Apr,39
3473,214,Oklahoma,2319,29-Apr,40
2446,101,Oregon,,29-Apr,41
46327,2373,Pennsylvania,,29-Apr,42
1433,86,Puerto Rico,,29-Apr,72
8247,251,Rhode Island,391,29-Apr,44
5882,231,South Carolina,3252,29-Apr,45
2373,13,South Dakota,1492,29-Apr,46
10366,195,Tennessee,5140,29-Apr,47
27257,754,Texas,12507,29-Apr,48
4497,45,Utah,1790,29-Apr,49
862,47,Vermont,,29-Apr,50
57,4,Virgin Islands,51,29-Apr,78
14962,522,Virginia,2042,29-Apr,51
14070,801,Washington,,29-Apr,53
1110,38,West Virginia,504,29-Apr,54
6520,308,Wisconsin,,29-Apr,55
545,7,Wyoming,362,29-Apr,56
7088,272,Alabama,0,30-Apr,1
355,9,Alaska,252,30-Apr,2
0,0,American Samoa,0,30-Apr,60
7655,320,Arizona,1499,30-Apr,4
3281,61,Arkansas,1305,30-Apr,5
50130,2031,California,0,30-Apr,6
15284,777,Colorado,2415,30-Apr,8
27700,2257,Connecticut,0,30-Apr,9
4734,152,Delaware,1275,30-Apr,10
4323,224,District of Columbia,660,30-Apr,11
33690,1268,Florida,0,30-Apr,12
26264,1132,Georgia,0,30-Apr,13
145,5,Guam,131,30-Apr,66
618,16,Hawaii,516,30-Apr,15
1984,60,Idaho,1121,30-Apr,16
52918,2355,Illinois,0,30-Apr,17
17835,1114,Indiana,0,30-Apr,18
7145,162,Iowa,2697,30-Apr,19
4413,134,Kansas,272,30-Apr,20
4708,240,Kentucky,1668,30-Apr,21
28001,1905,Louisiana,17303,30-Apr,22
1095,53,Maine,631,30-Apr,23
21742,1140,Maryland,1432,30-Apr,24
62205,3562,Massachusetts,0,30-Apr,25
41379,3789,Michigan,8342,30-Apr,26
5136,343,Minnesota,2172,30-Apr,27
6815,261,Mississippi,3413,30-Apr,28
7818,350,Missouri,0,30-Apr,29
453,16,Montana,392,30-Apr,30
4281,70,Nebraska,0,30-Apr,31
5053,243,Nevada,158,30-Apr,32
2146,72,New Hampshire,980,30-Apr,33
118652,7228,New Jersey,15642,30-Apr,34
3411,123,New Mexico,734,30-Apr,35
304372,23587,New York,54771,30-Apr,36
10754,406,North Carolina,0,30-Apr,37
1067,19,North Dakota,458,30-Apr,38
14,2,Northern Mariana Islands,12,30-Apr,69
18027,976,Ohio,0,30-Apr,39
3618,222,Oklahoma,2401,30-Apr,40
2510,103,Oregon,0,30-Apr,41
47971,2475,Pennsylvania,0,30-Apr,42
1539,92,Puerto Rico,0,30-Apr,72
8621,266,Rhode Island,461,30-Apr,44
6095,244,South Carolina,3252,30-Apr,45
2449,17,South Dakota,1573,30-Apr,46
10735,199,Tennessee,5140,30-Apr,47
28727,812,Texas,12507,30-Apr,48
4672,46,Utah,1939,30-Apr,49
866,49,Vermont,0,30-Apr,50
66,4,Virgin Islands,51,30-Apr,78
15847,552,Virginia,2104,30-Apr,51
14327,814,Washington,0,30-Apr,53
1125,41,West Virginia,545,30-Apr,54
6854,316,Wisconsin,3352,30-Apr,55
559,7,Wyoming,371,30-Apr,56
7294,289,Alabama,0,1-May,1
364,9,Alaska,254,1-May,2
0,0,American Samoa,0,1-May,60
7969,330,Arizona,1528,1-May,4
3337,64,Arkansas,1973,1-May,5
52026,2126,California,0,1-May,6
15793,821,Colorado,2486,1-May,8
28764,2339,Connecticut,4346,1-May,9
4918,159,Delaware,1403,1-May,10
4658,231,District of Columbia,666,1-May,11
34728,1314,Florida,0,1-May,12
27489,1169,Georgia,0,1-May,13
145,5,Guam,131,1-May,66
619,16,Hawaii,526,1-May,15
2015,63,Idaho,1175,1-May,16
56055,2457,Illinois,0,1-May,17
18630,1175,Indiana,0,1-May,18
7884,170,Iowa,2899,1-May,19
4634,140,Kansas,280,1-May,20
4882,246,Kentucky,1675,1-May,21
28711,1970,Louisiana,17303,1-May,22
1123,55,Maine,657,1-May,23
23472,1080,Maryland,1517,1-May,24
64311,3716,Massachusetts,0,1-May,25
42356,3866,Michigan,8342,1-May,26
5730,370,Minnesota,2282,1-May,27
7212,281,Mississippi,3413,1-May,28
8067,360,Missouri,0,1-May,29
453,16,Montana,397,1-May,30
5008,73,Nebraska,0,1-May,31
5248,246,Nevada,182,1-May,32
2310,81,New Hampshire,980,1-May,33
121190,7538,New Jersey,15642,1-May,34
3513,131,New Mexico,760,1-May,35
308314,24039,New York,56187,1-May,36
11070,419,North Carolina,0,1-May,37
1107,23,North Dakota,482,1-May,38
14,2,Northern Mariana Islands,12,1-May,69
18743,1003,Ohio,0,1-May,39
3748,230,Oklahoma,2467,1-May,40
2579,104,Oregon,0,1-May,41
49579,2635,Pennsylvania,0,1-May,42
1575,94,Puerto Rico,0,1-May,72
8962,279,Rhode Island,485,1-May,44
6258,256,South Carolina,3622,1-May,45
2525,21,South Dakota,1686,1-May,46
11891,204,Tennessee,5546,1-May,47
29692,840,Texas,14122,1-May,48
4828,46,Utah,2062,1-May,49
879,50,Vermont,0,1-May,50
66,4,Virgin Islands,51,1-May,78
16902,581,Virginia,2196,1-May,51
14637,824,Washington,0,1-May,53
1152,46,West Virginia,555,1-May,54
7314,327,Wisconsin,3352,1-May,55
566,7,Wyoming,373,1-May,56