Province_State,Confirmed,Deaths,Recovered,date
Alabama,3563,93,,12-Apr
Alaska,272,8,66,12-Apr
Arizona,3542,115,,12-Apr
Arkansas,1280,27,367,12-Apr
California,22795,640,,12-Apr
Colorado,7307,289,,12-Apr
Connecticut,12035,554,,12-Apr
Delaware,1625,35,191,12-Apr
Diamond Princess,49,0,0,12-Apr
District of Columbia,1875,50,493,12-Apr
Florida,19895,461,,12-Apr
Georgia,12452,433,,12-Apr
Grand Princess,103,0,0,12-Apr
Guam,133,5,58,12-Apr
Hawaii,499,9,300,12-Apr
Idaho,1407,27,,12-Apr
Illinois,20852,720,,12-Apr
Indiana,7928,343,,12-Apr
Iowa,1587,41,674,12-Apr
Kansas,1344,56,,12-Apr
Kentucky,1963,97,464,12-Apr
Louisiana,20595,840,,12-Apr
Maine,633,19,266,12-Apr
Maryland,8225,236,456,12-Apr
Massachusetts,25475,756,,12-Apr
Michigan,24244,1479,433,12-Apr
Minnesota,1621,70,842,12-Apr
Mississippi,2781,96,,12-Apr
Missouri,4269,118,,12-Apr
Montana,387,6,169,12-Apr
Nebraska,791,17,,12-Apr
Nevada,2836,112,,12-Apr
New Hampshire,929,23,236,12-Apr
New Jersey,61850,2350,,12-Apr
New Mexico,1245,26,235,12-Apr
New York,189033,9385,23887,12-Apr
North Carolina,4570,89,,12-Apr
North Dakota,308,7,121,12-Apr
Ohio,6604,253,,12-Apr
Oklahoma,1970,96,865,12-Apr
Oregon,1527,52,,12-Apr
Pennsylvania,22938,557,,12-Apr
Puerto Rico,897,44,,12-Apr
Rhode Island,2665,63,35,12-Apr
South Carolina,3320,82,,12-Apr
South Dakota,730,6,197,12-Apr
Tennessee,5508,106,1504,12-Apr
Texas,13677,283,2014,12-Apr
Utah,2303,18,,12-Apr
Vermont,727,27,15,12-Apr
Virginia,5274,141,,12-Apr
Washington,10609,506,,12-Apr
West Virginia,593,6,83,12-Apr
Wisconsin,3341,144,,12-Apr
Wyoming,270,0,137,12-Apr
American Samoa,0,0,,12-Apr
Northern Mariana Islands,11,2,,12-Apr
Recovered,0,0,32988,12-Apr
Virgin Islands,51,1,43,12-Apr
Alabama,3734,99,,13-Apr
Alaska,277,8,85,13-Apr
American Samoa,0,0,,13-Apr
Arizona,3705,122,,13-Apr
Arkansas,1410,29,391,13-Apr
California,23931,714,,13-Apr
Colorado,7691,306,,13-Apr
Connecticut,13381,602,,13-Apr
Delaware,1758,41,213,13-Apr
Diamond Princess,49,0,0,13-Apr
District of Columbia,1955,52,507,13-Apr
Florida,21019,499,,13-Apr
Georgia,13315,465,,13-Apr
Grand Princess,103,0,0,13-Apr
Guam,133,5,58,13-Apr
Hawaii,504,9,310,13-Apr
Idaho,1426,27,,13-Apr
Illinois,22025,798,,13-Apr
Indiana,8359,350,,13-Apr
Iowa,1710,41,741,13-Apr
Kansas,1390,62,,13-Apr
Kentucky,2018,113,607,13-Apr
Louisiana,21016,884,,13-Apr
Maine,698,19,273,13-Apr
Maryland,8936,262,603,13-Apr
Massachusetts,26867,844,,13-Apr
Michigan,25635,1602,447,13-Apr
Minnesota,1621,70,842,13-Apr
Mississippi,2942,98,,13-Apr
Missouri,4515,123,,13-Apr
Montana,394,7,171,13-Apr
Nebraska,814,17,,13-Apr
Nevada,2990,114,,13-Apr
New Hampshire,985,23,239,13-Apr
New Jersey,64584,2443,,13-Apr
New Mexico,1262,26,295,13-Apr
New York,195749,10058,23887,13-Apr
North Carolina,4886,94,,13-Apr
North Dakota,331,8,127,13-Apr
Northern Mariana Islands,11,2,,13-Apr
Ohio,6975,274,,13-Apr
Oklahoma,2069,99,865,13-Apr
Oregon,1584,53,,13-Apr
Pennsylvania,24292,589,,13-Apr
Puerto Rico,903,45,,13-Apr
Rhode Island,2665,63,135,13-Apr
South Carolina,3391,82,,13-Apr
South Dakota,868,6,207,13-Apr
Tennessee,5610,109,1671,13-Apr
Texas,14275,305,2269,13-Apr
Utah,2363,13,218,13-Apr
Vermont,748,28,15,13-Apr
Virgin Islands,51,1,43,13-Apr
Virginia,5747,149,,13-Apr
Washington,10635,513,,13-Apr
West Virginia,611,8,85,13-Apr
Wisconsin,3428,154,,13-Apr
Wyoming,275,1,138,13-Apr
Recovered,0,0,43482,13-Apr
Alabama,3953,114,,14-Apr
Alaska,285,9,98,14-Apr
American Samoa,0,0,,14-Apr
Arizona,3809,131,249,14-Apr
Arkansas,1498,32,427,14-Apr
California,25356,767,,14-Apr
Colorado,7950,327,,14-Apr
Connecticut,13989,671,,14-Apr
Delaware,1926,43,277,14-Apr
Diamond Princess,49,0,0,14-Apr
District of Columbia,2058,67,518,14-Apr
Florida,21628,571,,14-Apr
Georgia,14578,525,,14-Apr
Grand Princess,103,0,0,14-Apr
Guam,133,5,66,14-Apr
Hawaii,511,9,315,14-Apr
Idaho,1464,33,,14-Apr
Illinois,23248,868,,14-Apr
Indiana,8527,387,,14-Apr
Iowa,1899,49,741,14-Apr
Kansas,1441,69,,14-Apr
Kentucky,2048,106,629,14-Apr
Louisiana,21518,1013,,14-Apr
Maine,735,20,292,14-Apr
Maryland,9472,302,607,14-Apr
Massachusetts,28164,844,,14-Apr
Michigan,27001,1768,452,14-Apr
Minnesota,1695,79,909,14-Apr
Mississippi,3087,111,,14-Apr
Missouri,4746,149,,14-Apr
Montana,399,7,197,14-Apr
Nebraska,897,20,,14-Apr
Nevada,3134,126,,14-Apr
New Hampshire,922,25,249,14-Apr
New Jersey,68824,2805,,14-Apr
New Mexico,1345,31,304,14-Apr
New York,203020,10842,23887,14-Apr
North Carolina,5113,112,,14-Apr
North Dakota,341,8,138,14-Apr
Northern Mariana Islands,11,2,,14-Apr
Ohio,7285,324,,14-Apr
Oklahoma,2184,108,1060,14-Apr
Oregon,1633,55,,14-Apr
Pennsylvania,25465,691,,14-Apr
Puerto Rico,923,45,,14-Apr
Rhode Island,3251,80,135,14-Apr
South Carolina,3553,97,,14-Apr
South Dakota,988,6,261,14-Apr
Tennessee,5827,124,1969,14-Apr
Texas,15006,342,2580,14-Apr
Utah,2417,18,218,14-Apr
Vermont,752,29,15,14-Apr
Virgin Islands,51,1,44,14-Apr
Virginia,6182,154,721,14-Apr
Washington,10799,530,,14-Apr
West Virginia,640,9,147,14-Apr
Wisconsin,3555,170,,14-Apr
Wyoming,282,1,140,14-Apr
Recovered,0,0,47763,14-Apr
Alabama,4075,118,,15-Apr
Alaska,293,9,106,15-Apr
American Samoa,0,0,,15-Apr
Arizona,3964,142,385,15-Apr
Arkansas,1569,33,489,15-Apr
California,26686,860,,15-Apr
Colorado,7956,328,,15-Apr
Connecticut,14755,868,,15-Apr
Delaware,2014,46,354,15-Apr
Diamond Princess,49,0,0,15-Apr
District of Columbia,2197,72,530,15-Apr
Florida,22511,596,,15-Apr
Georgia,14987,552,,15-Apr
Grand Princess,103,0,0,15-Apr
Guam,135,5,73,15-Apr
Hawaii,524,9,333,15-Apr
Idaho,1473,39,,15-Apr
Illinois,24593,949,,15-Apr
Indiana,8960,436,,15-Apr
Iowa,1995,53,908,15-Apr
Kansas,1504,71,,15-Apr
Kentucky,2210,115,653,15-Apr
Louisiana,21951,1103,,15-Apr
Maine,770,24,305,15-Apr
Maryland,10032,311,607,15-Apr
Massachusetts,29918,1108,,15-Apr
Michigan,28059,1921,452,15-Apr
Minnesota,1809,87,940,15-Apr
Mississippi,3360,122,,15-Apr
Missouri,4791,153,,15-Apr
Montana,404,7,209,15-Apr
Nebraska,901,20,,15-Apr
Nevada,3211,131,,15-Apr
New Hampshire,1139,32,365,15-Apr
New Jersey,71030,3156,,15-Apr
New Mexico,1484,36,340,15-Apr
New York,214454,11617,23887,15-Apr
North Carolina,5340,130,,15-Apr
North Dakota,365,9,142,15-Apr
Northern Mariana Islands,13,2,,15-Apr
Ohio,7794,362,,15-Apr
Oklahoma,2263,123,1115,15-Apr
Oregon,1663,58,,15-Apr
Pennsylvania,26753,779,,15-Apr
Puerto Rico,974,51,,15-Apr
Rhode Island,3251,80,168,15-Apr
South Carolina,3656,106,,15-Apr
South Dakota,1168,6,329,15-Apr
Tennessee,5827,124,2196,15-Apr
Texas,15907,375,3150,15-Apr
Utah,2548,20,218,15-Apr
Vermont,759,29,15,15-Apr
Virgin Islands,51,1,44,15-Apr
Virginia,6500,195,752,15-Apr
Washington,10942,552,,15-Apr
West Virginia,702,10,211,15-Apr
Wisconsin,3721,183,,15-Apr
Wyoming,287,1,129,15-Apr
Recovered,0,0,52096,15-Apr
Alabama,4345,133,,16-Apr
Alaska,300,9,110,16-Apr
American Samoa,0,0,,16-Apr
Arizona,4237,150,460,16-Apr
Arkansas,1620,37,548,16-Apr
California,27677,956,,16-Apr
Colorado,8286,355,,16-Apr
Connecticut,15884,971,,16-Apr
Delaware,2070,55,378,16-Apr
Diamond Princess,49,0,0,16-Apr
District of Columbia,2350,81,552,16-Apr
Florida,23343,668,,16-Apr
Georgia,15669,587,,16-Apr
Grand Princess,103,0,0,16-Apr
Guam,135,5,86,16-Apr
Hawaii,530,9,359,16-Apr
Idaho,1587,41,,16-Apr
Illinois,25734,1072,,16-Apr
Indiana,9542,477,,16-Apr
Iowa,2141,60,987,16-Apr
Kansas,1615,80,,16-Apr
Kentucky,2435,129,862,16-Apr
Louisiana,22532,1156,,16-Apr
Maine,796,27,333,16-Apr
Maryland,10784,319,736,16-Apr
Massachusetts,32181,1108,,16-Apr
Michigan,28809,1996,617,16-Apr
Minnesota,1809,87,1020,16-Apr
Mississippi,3624,129,,16-Apr
Missouri,5174,169,,16-Apr
Montana,415,7,218,16-Apr
Nebraska,952,21,,16-Apr
Nevada,3214,137,,16-Apr
New Hampshire,1139,32,365,16-Apr
New Jersey,75317,3518,,16-Apr
New Mexico,1484,36,353,16-Apr
New York,223691,14832,23887,16-Apr
North Carolina,5639,150,,16-Apr
North Dakota,393,9,163,16-Apr
Northern Mariana Islands,13,2,,16-Apr
Ohio,8414,407,,16-Apr
Oklahoma,2357,131,1240,16-Apr
Oregon,1736,64,,16-Apr
Pennsylvania,28258,841,,16-Apr
Puerto Rico,1043,56,,16-Apr
Rhode Island,3529,87,182,16-Apr
South Carolina,3931,111,,16-Apr
South Dakota,1311,7,373,16-Apr
Tennessee,6375,136,2786,16-Apr
Texas,16876,414,3677,16-Apr
Utah,2683,20,357,16-Apr
Vermont,774,33,15,16-Apr
Virgin Islands,51,1,46,16-Apr
Virginia,6889,208,951,16-Apr
Washington,11057,579,,16-Apr
West Virginia,728,12,223,16-Apr
Wisconsin,3875,197,,16-Apr
Wyoming,296,2,148,16-Apr
Recovered,0,0,54703,16-Apr
Alabama,4571,148,,17-Apr
Alaska,309,9,128,17-Apr
American Samoa,0,0,,17-Apr
Arizona,4511,169,539,17-Apr
Arkansas,1695,37,593,17-Apr
California,29157,1037,,17-Apr
Colorado,8691,372,,17-Apr
Connecticut,16809,1036,,17-Apr
Delaware,2317,61,378,17-Apr
Diamond Princess,49,0,0,17-Apr
District of Columbia,2476,86,573,17-Apr
Florida,24759,725,,17-Apr
Georgia,17194,650,,17-Apr
Grand Princess,103,0,0,17-Apr
Guam,136,5,97,17-Apr
Hawaii,541,9,374,17-Apr
Idaho,1609,41,390,17-Apr
Illinois,27578,1132,,17-Apr
Indiana,10154,522,,17-Apr
Iowa,2332,64,1007,17-Apr
Kansas,1730,82,,17-Apr
Kentucky,2522,137,956,17-Apr
Louisiana,23118,1213,,17-Apr
Maine,827,29,352,17-Apr
Maryland,11572,334,736,17-Apr
Massachusetts,34402,1245,,17-Apr
Michigan,30023,2227,629,17-Apr
Minnesota,2070,111,1066,17-Apr
Mississippi,3793,140,,17-Apr
Missouri,5371,184,,17-Apr
Montana,422,8,233,17-Apr
Nebraska,1066,24,,17-Apr
Nevada,3524,142,,17-Apr
New Hampshire,1287,37,455,17-Apr
New Jersey,78467,3840,,17-Apr
New Mexico,1597,44,353,17-Apr
New York,230597,17131,23887,17-Apr
North Carolina,6045,177,,17-Apr
North Dakota,393,9,172,17-Apr
Northern Mariana Islands,13,2,,17-Apr
Ohio,9107,418,,17-Apr
Oklahoma,2465,136,1331,17-Apr
Oregon,1785,70,,17-Apr
Pennsylvania,29888,921,,17-Apr
Puerto Rico,1068,58,,17-Apr
Rhode Island,4177,118,196,17-Apr
South Carolina,4099,116,,17-Apr
South Dakota,1411,7,457,17-Apr
Tennessee,6263,141,3017,17-Apr
Texas,17849,451,4190,17-Apr
Utah,2793,23,443,17-Apr
Vermont,779,35,15,17-Apr
Virgin Islands,51,2,46,17-Apr
Virginia,7491,231,1110,17-Apr
Washington,11517,603,,17-Apr
West Virginia,775,16,223,17-Apr
Wisconsin,4053,206,,17-Apr
Wyoming,305,2,148,17-Apr
Recovered,0,0,58545,17-Apr
Alabama,4712,153,,18-Apr
Alaska,314,9,147,18-Apr
American Samoa,0,0,,18-Apr
Arizona,4724,180,539,18-Apr
Arkansas,1744,38,703,18-Apr
California,30491,1140,,18-Apr
Colorado,9047,389,,18-Apr
Connecticut,17550,1086,,18-Apr
Delaware,2538,67,423,18-Apr
Diamond Princess,49,0,0,18-Apr
District of Columbia,2666,91,608,18-Apr
Florida,25492,748,,18-Apr
Georgia,17669,673,,18-Apr
Grand Princess,103,0,0,18-Apr
Guam,136,5,110,18-Apr
Hawaii,574,9,390,18-Apr
Idaho,1655,43,453,18-Apr
Illinois,29160,1259,,18-Apr
Indiana,10641,545,,18-Apr
Iowa,2513,74,1095,18-Apr
Kansas,1821,85,,18-Apr
Kentucky,2707,144,979,18-Apr
Louisiana,23580,1267,,18-Apr
Maine,847,32,382,18-Apr
Maryland,12326,421,771,18-Apr
Massachusetts,36372,1404,,18-Apr
Michigan,30791,2308,3237,18-Apr
Minnesota,2209,121,1118,18-Apr
Mississippi,3974,152,,18-Apr
Missouri,5579,197,,18-Apr
Montana,426,10,234,18-Apr
Nebraska,1249,24,,18-Apr
Nevada,3626,151,,18-Apr
New Hampshire,1342,38,468,18-Apr
New Jersey,81420,4070,,18-Apr
New Mexico,1798,53,382,18-Apr
New York,241712,17671,23887,18-Apr
North Carolina,6328,187,,18-Apr
North Dakota,528,9,183,18-Apr
Northern Mariana Islands,14,2,9,18-Apr
Ohio,10222,451,,18-Apr
Oklahoma,2465,136,1515,18-Apr
Oregon,1844,72,,18-Apr
Pennsylvania,31652,1042,,18-Apr
Puerto Rico,1118,60,,18-Apr
Rhode Island,4491,137,217,18-Apr
South Carolina,4248,119,2633,18-Apr
South Dakota,1542,7,552,18-Apr
Tennessee,6589,142,3234,18-Apr
Texas,18704,476,4806,18-Apr
Utah,2917,25,565,18-Apr
Vermont,803,38,15,18-Apr
Virgin Islands,53,3,46,18-Apr
Virginia,8053,258,1228,18-Apr
Washington,11776,613,,18-Apr
West Virginia,785,16,255,18-Apr
Wisconsin,4199,212,,18-Apr
Wyoming,309,2,206,18-Apr
Alberta,2562,51,0,18-Apr
Anguilla,3,0,1,18-Apr
Anhui,991,6,984,18-Apr
Aruba,96,2,44,18-Apr
Australian Capital Territory,103,3,88,18-Apr
Beijing,593,8,509,18-Apr
Bermuda,83,5,35,18-Apr
"Bonaire, Sint Eustatius and Saba",3,0,0,18-Apr
British Columbia,1618,78,0,18-Apr
British Virgin Islands,4,0,2,18-Apr
Cayman Islands,61,1,7,18-Apr
Channel Islands,484,21,73,18-Apr
Chongqing,579,6,570,18-Apr
Curacao,14,1,11,18-Apr
Falkland Islands (Malvinas),11,0,3,18-Apr
Faroe Islands,184,0,173,18-Apr
French Guiana,96,0,64,18-Apr
French Polynesia,55,0,2,18-Apr
Fujian,355,1,336,18-Apr
Gansu,139,2,137,18-Apr
Gibraltar,132,0,111,18-Apr
Greenland,11,0,11,18-Apr
Guadeloupe,148,8,73,18-Apr
Guangdong,1579,8,1482,18-Apr
Guangxi,254,2,252,18-Apr
Guizhou,146,2,144,18-Apr
Hainan,168,6,162,18-Apr
Hebei,328,6,316,18-Apr
Heilongjiang,892,13,472,18-Apr
Henan,1276,22,1254,18-Apr
Hong Kong,1024,4,568,18-Apr
Hubei,68128,4512,63494,18-Apr
Hunan,1019,4,1015,18-Apr
Inner Mongolia,193,1,104,18-Apr
Isle of Man,297,6,180,18-Apr
Jiangsu,653,0,643,18-Apr
Jiangxi,937,1,936,18-Apr
Jilin,102,1,97,18-Apr
Liaoning,146,2,142,18-Apr
Macau,45,0,17,18-Apr
Manitoba,253,5,0,18-Apr
Martinique,158,8,73,18-Apr
Mayotte,254,4,117,18-Apr
Montserrat,11,0,2,18-Apr
New Brunswick,117,0,0,18-Apr
New Caledonia,18,0,14,18-Apr
New South Wales,2926,26,1379,18-Apr
Newfoundland and Labrador,257,3,0,18-Apr
Ningxia,75,0,75,18-Apr
Northern Territory,28,0,9,18-Apr
Northwest Territories,5,0,0,18-Apr
Nova Scotia,649,7,0,18-Apr
Ontario,11013,564,0,18-Apr
Prince Edward Island,26,0,0,18-Apr
Qinghai,18,0,18,18-Apr
Quebec,17521,688,0,18-Apr
Queensland,1015,6,738,18-Apr
Recovered,0,0,10964,18-Apr
Recovered,0,0,64840,18-Apr
Reunion,407,0,237,18-Apr
Saint Barthelemy,6,0,5,18-Apr
Saint Pierre and Miquelon,1,0,0,18-Apr
Saskatchewan,313,4,0,18-Apr
Shaanxi,256,3,252,18-Apr
Shandong,787,7,765,18-Apr
Shanghai,628,7,512,18-Apr
Shanxi,197,0,135,18-Apr
Sichuan,561,3,553,18-Apr
Sint Maarten,64,9,12,18-Apr
South Australia,435,4,331,18-Apr
St Martin,37,2,19,18-Apr
Tasmania,180,7,67,18-Apr
Tianjin,189,3,173,18-Apr
Tibet,1,0,1,18-Apr
Turks and Caicos Islands,11,1,0,18-Apr
Victoria,1319,14,1172,18-Apr
Western Australia,541,7,340,18-Apr
Xinjiang,76,3,73,18-Apr
Yukon,9,0,0,18-Apr
Yunnan,184,2,177,18-Apr
Zhejiang,1268,1,1246,18-Apr
Grand Princess,13,0,0,18-Apr
Alabama,4888,157,,19-Apr
Alaska,319,9,153,19-Apr
American Samoa,0,0,,19-Apr
Arizona,4933,184,994,19-Apr
Arkansas,1781,39,721,19-Apr
California,31431,1177,,19-Apr
Colorado,9730,420,,19-Apr
Connecticut,17962,1127,,19-Apr
Delaware,2538,67,466,19-Apr
Diamond Princess,49,0,0,19-Apr
District of Columbia,2793,96,622,19-Apr
Florida,26314,774,,19-Apr
Georgia,18301,687,,19-Apr
Grand Princess,103,0,0,19-Apr
Guam,136,5,112,19-Apr
Hawaii,580,10,410,19-Apr
Idaho,1668,44,520,19-Apr
Illinois,30357,1290,,19-Apr
Indiana,11211,562,,19-Apr
Iowa,2902,75,1171,19-Apr
Kansas,1905,93,,19-Apr
Kentucky,2960,146,1174,19-Apr
Louisiana,23928,1296,,19-Apr
Maine,867,34,393,19-Apr
Maryland,12847,461,914,19-Apr
Massachusetts,38077,1706,,19-Apr
Michigan,31424,2391,3237,19-Apr
Minnesota,2356,134,1160,19-Apr
Mississippi,4274,159,,19-Apr
Missouri,5743,199,,19-Apr
Montana,433,10,243,19-Apr
Nebraska,1474,28,,19-Apr
Nevada,3728,158,,19-Apr
New Hampshire,1390,38,513,19-Apr
New Jersey,85301,4362,,19-Apr
New Mexico,1845,55,465,19-Apr
New York,247815,18298,23887,19-Apr
North Carolina,6601,200,,19-Apr
North Dakota,585,9,189,19-Apr
Northern Mariana Islands,14,2,9,19-Apr
Ohio,11602,471,,19-Apr
Oklahoma,2567,140,1575,19-Apr
Oregon,1910,74,,19-Apr
Pennsylvania,32902,1276,,19-Apr
Puerto Rico,1213,62,,19-Apr
Rhode Island,4706,150,244,19-Apr
South Carolina,4377,120,2633,19-Apr
South Dakota,1635,7,646,19-Apr
Tennessee,7070,148,3344,19-Apr
Texas,19260,490,5334,19-Apr
Utah,3069,27,679,19-Apr
Vermont,813,38,15,19-Apr
Virgin Islands,53,3,48,19-Apr
Virginia,8542,277,1267,19-Apr
Washington,12255,636,,19-Apr
West Virginia,890,18,265,19-Apr
Wisconsin,4346,220,,19-Apr
Wyoming,313,2,227,19-Apr
Alberta,2803,51,0,19-Apr
Anguilla,3,0,1,19-Apr
Anhui,991,6,984,19-Apr
Aruba,97,2,49,19-Apr
Australian Capital Territory,103,3,88,19-Apr
Beijing,593,8,510,19-Apr
Bermuda,86,5,35,19-Apr
"Bonaire, Sint Eustatius and Saba",5,0,0,19-Apr
British Columbia,1647,81,0,19-Apr
British Virgin Islands,4,1,2,19-Apr
Cayman Islands,61,1,7,19-Apr
Channel Islands,488,21,73,19-Apr
Chongqing,579,6,570,19-Apr
Curacao,14,1,11,19-Apr
Falkland Islands (Malvinas),11,0,3,19-Apr
Faroe Islands,185,0,176,19-Apr
French Guiana,96,0,64,19-Apr
French Polynesia,55,0,2,19-Apr
Fujian,355,1,339,19-Apr
Gansu,139,2,137,19-Apr
Gibraltar,132,0,120,19-Apr
Greenland,11,0,11,19-Apr
Guadeloupe,148,8,73,19-Apr
Guangdong,1580,8,1490,19-Apr
Guangxi,254,2,252,19-Apr
Guizhou,147,2,145,19-Apr
Hainan,168,6,162,19-Apr
Hebei,328,6,316,19-Apr
Heilongjiang,898,13,472,19-Apr
Henan,1276,22,1254,19-Apr
Hong Kong,1025,4,602,19-Apr
Hubei,68128,4512,63507,19-Apr
Hunan,1019,4,1015,19-Apr
Inner Mongolia,193,1,104,19-Apr
Isle of Man,298,6,193,19-Apr
Jiangsu,653,0,643,19-Apr
Jiangxi,937,1,936,19-Apr
Jilin,104,1,97,19-Apr
Liaoning,146,2,142,19-Apr
Macau,45,0,20,19-Apr
Manitoba,254,5,0,19-Apr
Martinique,163,12,73,19-Apr
Mayotte,271,4,117,19-Apr
Montserrat,11,0,2,19-Apr
New Brunswick,118,0,0,19-Apr
New Caledonia,18,0,15,19-Apr
New South Wales,2926,26,1379,19-Apr
Newfoundland and Labrador,257,3,0,19-Apr
Ningxia,75,0,75,19-Apr
Northern Territory,28,0,9,19-Apr
Northwest Territories,5,0,0,19-Apr
Nova Scotia,675,9,0,19-Apr
Ontario,11561,591,0,19-Apr
Prince Edward Island,26,0,0,19-Apr
Qinghai,18,0,18,19-Apr
Quebec,17950,820,0,19-Apr
Queensland,1015,6,738,19-Apr
Recovered,0,0,11847,19-Apr
Recovered,0,0,70337,19-Apr
Reunion,408,0,237,19-Apr
Saint Barthelemy,6,0,5,19-Apr
Saint Pierre and Miquelon,1,0,0,19-Apr
Saskatchewan,315,4,0,19-Apr
Shaanxi,256,3,252,19-Apr
Shandong,787,7,765,19-Apr
Shanghai,635,7,521,19-Apr
Shanxi,197,0,135,19-Apr
Sichuan,561,3,554,19-Apr
Sint Maarten,67,10,12,19-Apr
South Australia,435,4,331,19-Apr
St Martin,37,2,19,19-Apr
Tasmania,180,7,67,19-Apr
Tianjin,189,3,174,19-Apr
Tibet,1,0,1,19-Apr
Turks and Caicos Islands,11,1,0,19-Apr
Victoria,1319,14,1172,19-Apr
Western Australia,541,7,340,19-Apr
Xinjiang,76,3,73,19-Apr
Yukon,9,0,0,19-Apr
Yunnan,184,2,178,19-Apr
Zhejiang,1268,1,1247,19-Apr
Grand Princess,13,0,0,19-Apr
Alabama,5079,163,,20-Apr
Alaska,321,9,161,20-Apr
American Samoa,0,0,,20-Apr
Arizona,5068,191,1155,20-Apr
Arkansas,1973,41,749,20-Apr
California,33686,1225,,20-Apr
Colorado,9730,420,,20-Apr
Connecticut,19815,1331,,20-Apr
Delaware,2745,72,495,20-Apr
Diamond Princess,49,0,0,20-Apr
District of Columbia,2927,105,630,20-Apr
Florida,27059,822,,20-Apr
Georgia,19407,775,,20-Apr
Grand Princess,103,0,0,20-Apr
Guam,136,5,112,20-Apr
Hawaii,584,10,414,20-Apr
Idaho,1672,45,585,20-Apr
Illinois,31513,1349,,20-Apr
Indiana,11688,577,,20-Apr
Iowa,3159,79,1235,20-Apr
Kansas,2048,102,,20-Apr
Kentucky,3050,154,1174,20-Apr
Louisiana,24523,1328,,20-Apr
Maine,875,35,414,20-Apr
Maryland,13684,582,917,20-Apr
Massachusetts,38077,1706,,20-Apr
Michigan,32000,2468,3237,20-Apr
Minnesota,2470,143,1202,20-Apr
Mississippi,4512,169,,20-Apr
Missouri,5890,200,,20-Apr
Montana,433,10,243,20-Apr
Nebraska,1648,33,,20-Apr
Nevada,3830,159,,20-Apr
New Hampshire,1447,42,521,20-Apr
New Jersey,88722,4496,,20-Apr
New Mexico,1971,58,487,20-Apr
New York,253060,18611,23887,20-Apr
North Carolina,6895,218,,20-Apr
North Dakota,627,9,189,20-Apr
Northern Mariana Islands,14,2,11,20-Apr
Ohio,12919,509,,20-Apr
Oklahoma,2680,143,1614,20-Apr
Oregon,1957,75,,20-Apr
Pennsylvania,33914,1348,,20-Apr
Puerto Rico,1252,63,,20-Apr
Rhode Island,5090,155,267,20-Apr
South Carolina,4446,123,2063,20-Apr
South Dakota,1685,7,709,20-Apr
Tennessee,7238,152,3575,20-Apr
Texas,19751,507,5706,20-Apr
Utah,3213,28,776,20-Apr
Vermont,816,38,15,20-Apr
Virgin Islands,53,3,48,20-Apr
Virginia,8990,300,1324,20-Apr
Washington,12114,643,,20-Apr
West Virginia,902,24,290,20-Apr
Wisconsin,4499,230,,20-Apr
Wyoming,317,2,233,20-Apr
Recovered,0,0,72329,20-Apr
Alabama,5317,183,,21-Apr
Alaska,329,9,168,21-Apr
American Samoa,0,0,,21-Apr
Arizona,5256,208,1155,21-Apr
Arkansas,1990,42,809,21-Apr
California,35465,1282,,21-Apr
Colorado,10473,483,,21-Apr
Connecticut,20360,1423,,21-Apr
Delaware,2931,82,565,21-Apr
Diamond Princess,49,0,0,21-Apr
District of Columbia,3098,112,636,21-Apr
Florida,27869,867,,21-Apr
Georgia,19881,798,,21-Apr
Grand Princess,103,0,0,21-Apr
Guam,136,5,114,21-Apr
Hawaii,586,10,423,21-Apr
Idaho,1736,48,660,21-Apr
Illinois,33059,1468,,21-Apr
Indiana,12097,635,,21-Apr
Iowa,3641,83,1293,21-Apr
Kansas,2164,109,,21-Apr
Kentucky,3204,171,1174,21-Apr
Louisiana,24854,1405,,21-Apr
Maine,888,36,443,21-Apr
Maryland,14193,652,930,21-Apr
Massachusetts,41199,1961,,21-Apr
Michigan,32667,2575,3237,21-Apr
Minnesota,2567,160,1254,21-Apr
Mississippi,4716,183,,21-Apr
Missouri,6066,224,,21-Apr
Montana,437,12,273,21-Apr
Nebraska,1685,33,,21-Apr
Nevada,3937,163,,21-Apr
New Hampshire,1490,42,521,21-Apr
New Jersey,92387,4753,,21-Apr
New Mexico,1971,58,501,21-Apr
New York,258361,19104,23887,21-Apr
North Carolina,7134,245,,21-Apr
North Dakota,644,13,214,21-Apr
Northern Mariana Islands,14,2,11,21-Apr
Ohio,13725,557,,21-Apr
Oklahoma,2807,164,1702,21-Apr
Oregon,2004,78,,21-Apr
Pennsylvania,35249,1614,,21-Apr
Puerto Rico,1298,64,,21-Apr
Rhode Island,5500,171,315,21-Apr
South Carolina,4439,124,2063,21-Apr
South Dakota,1755,8,824,21-Apr
Tennessee,7394,157,3828,21-Apr
Texas,20574,533,6486,21-Apr
Utah,3297,32,888,21-Apr
Vermont,818,40,1710,21-Apr
Virgin Islands,53,3,48,21-Apr
Virginia,9630,324,1418,21-Apr
Washington,12392,664,,21-Apr
West Virginia,908,26,330,21-Apr
Wisconsin,4625,244,,21-Apr
Wyoming,443,2,237,21-Apr
Recovered,0,0,75204,21-Apr
Alabama,5593,196,,22-Apr
Alaska,335,9,196,22-Apr
American Samoa,0,0,,22-Apr
Arizona,5473,231,1265,22-Apr
Arkansas,2276,42,863,22-Apr
California,37344,1421,,22-Apr
Colorado,10891,506,,22-Apr
Connecticut,22469,1544,,22-Apr
Delaware,3200,89,599,22-Apr
Diamond Princess,49,0,0,22-Apr
District of Columbia,3206,127,645,22-Apr
Florida,28309,893,,22-Apr
Georgia,21214,848,,22-Apr
Grand Princess,103,0,0,22-Apr
Guam,136,5,119,22-Apr
Hawaii,592,12,437,22-Apr
Idaho,1766,51,710,22-Apr
Illinois,35107,1565,,22-Apr
Indiana,12438,666,,22-Apr
Iowa,3748,90,1428,22-Apr
Kansas,2331,112,,22-Apr
Kentucky,3378,185,1266,22-Apr
Louisiana,25258,1473,,22-Apr
Maine,907,39,455,22-Apr
Maryland,14775,698,981,22-Apr
Massachusetts,42944,2182,,22-Apr
Michigan,33966,2813,3237,22-Apr
Minnesota,2722,179,1317,22-Apr
Mississippi,4894,193,,22-Apr
Missouri,6277,238,,22-Apr
Montana,439,14,296,22-Apr
Nebraska,1813,38,,22-Apr
Nevada,4081,172,,22-Apr
New Hampshire,1588,48,546,22-Apr
New Jersey,95914,5150,,22-Apr
New Mexico,2210,71,529,22-Apr
New York,263292,19413,23887,22-Apr
North Carolina,7495,265,,22-Apr
North Dakota,679,14,229,22-Apr
Northern Mariana Islands,14,2,11,22-Apr
Ohio,14117,610,,22-Apr
Oklahoma,2894,170,1772,22-Apr
Oregon,2059,78,,22-Apr
Pennsylvania,36082,1673,,22-Apr
Puerto Rico,1252,63,,22-Apr
Rhode Island,5841,181,315,22-Apr
South Carolina,4761,140,3317,22-Apr
South Dakota,1858,9,937,22-Apr
Tennessee,7394,157,4012,22-Apr
Texas,21321,556,7341,22-Apr
Utah,3445,32,970,22-Apr
Vermont,823,40,1710,22-Apr
Virgin Islands,54,3,48,22-Apr
Virginia,10266,349,1497,22-Apr
Washington,12596,686,,22-Apr
West Virginia,939,27,330,22-Apr
Wisconsin,4845,248,,22-Apr
Wyoming,447,6,254,22-Apr
Recovered,0,0,77366,22-Apr
Alabama,5832,202,,23-Apr
Alaska,337,9,209,23-Apr
American Samoa,0,0,,23-Apr
Arizona,5772,249,1282,23-Apr
Arkansas,2599,45,902,23-Apr
California,39561,1533,,23-Apr
Colorado,11278,552,,23-Apr
Connecticut,23100,1639,,23-Apr
Delaware,3308,92,643,23-Apr
Diamond Princess,49,0,0,23-Apr
District of Columbia,3361,139,648,23-Apr
Florida,29648,987,,23-Apr
Georgia,21883,881,,23-Apr
Grand Princess,103,3,0,23-Apr
Guam,139,5,126,23-Apr
Hawaii,596,12,444,23-Apr
Idaho,1836,54,767,23-Apr
Illinois,36937,1688,,23-Apr
Indiana,13039,706,,23-Apr
Iowa,3924,96,1492,23-Apr
Kansas,2721,113,,23-Apr
Kentucky,3479,191,1311,23-Apr
Louisiana,25739,1599,,23-Apr
Maine,937,44,485,23-Apr
Maryland,15737,748,1040,23-Apr
Massachusetts,46023,2360,,23-Apr
Michigan,35296,2977,3237,23-Apr
Minnesota,2942,200,1536,23-Apr
Mississippi,5153,201,,23-Apr
Missouri,6506,252,,23-Apr
Montana,442,14,306,23-Apr
Nebraska,2202,47,,23-Apr
Nevada,4208,195,,23-Apr
New Hampshire,1670,51,550,23-Apr
New Jersey,100025,5426,,23-Apr
New Mexico,2379,78,547,23-Apr
New York,263460,20973,23887,23-Apr
North Carolina,7820,281,,23-Apr
North Dakota,709,15,269,23-Apr
Northern Mariana Islands,14,2,11,23-Apr
Ohio,14694,656,,23-Apr
Oklahoma,3017,179,1884,23-Apr
Oregon,2127,83,,23-Apr
Pennsylvania,38379,1724,,23-Apr
Puerto Rico,1416,69,,23-Apr
Rhode Island,6256,189,342,23-Apr
South Carolina,4917,150,3317,23-Apr
South Dakota,1956,9,1064,23-Apr
Tennessee,8266,171,4193,23-Apr
Texas,22650,604,8025,23-Apr
Utah,3612,35,1050,23-Apr
Vermont,825,43,1710,23-Apr
Virgin Islands,54,3,48,23-Apr
Virginia,10998,373,1567,23-Apr
Washington,12753,711,,23-Apr
West Virginia,981,31,380,23-Apr
Wisconsin,5052,258,,23-Apr
Wyoming,453,7,275,23-Apr
Recovered,0,0,80203,23-Apr
Alabama,6026,209,,24-Apr
Alaska,339,9,208,24-Apr
American Samoa,0,0,,24-Apr
Arizona,6045,266,1313,24-Apr
Arkansas,2810,47,929,24-Apr
California,41355,1621,,24-Apr
Colorado,12256,674,,24-Apr
Connecticut,23936,1767,,24-Apr
Delaware,3442,100,703,24-Apr
Diamond Princess,49,0,0,24-Apr
District of Columbia,3528,153,651,24-Apr
Florida,30533,1046,,24-Apr
Georgia,22491,899,,24-Apr
Grand Princess,103,3,0,24-Apr
Guam,141,5,126,24-Apr
Hawaii,601,13,463,24-Apr
Idaho,1870,54,867,24-Apr
Illinois,39658,1795,,24-Apr
Indiana,13681,741,,24-Apr
Iowa,4445,107,1604,24-Apr
Kansas,2959,118,,24-Apr
Kentucky,3779,200,1341,24-Apr
Louisiana,26140,1660,14927,24-Apr
Maine,965,47,499,24-Apr
Maryland,16616,798,1108,24-Apr
Massachusetts,50969,2556,,24-Apr
Michigan,36641,3085,3237,24-Apr
Minnesota,3185,221,1594,24-Apr
Mississippi,5434,209,,24-Apr
Missouri,6788,272,,24-Apr
Montana,444,14,325,24-Apr
Nebraska,2424,50,,24-Apr
Nevada,4398,197,,24-Apr
New Hampshire,1720,53,578,24-Apr
New Jersey,102196,5683,,24-Apr
New Mexico,2521,84,614,24-Apr
New York,271590,21411,23887,24-Apr
North Carolina,8290,294,,24-Apr
North Dakota,748,15,285,24-Apr
Northern Mariana Islands,14,2,11,24-Apr
Ohio,15169,690,,24-Apr
Oklahoma,3121,188,1961,24-Apr
Oregon,2177,86,,24-Apr
Pennsylvania,40208,1747,,24-Apr
Puerto Rico,1276,77,,24-Apr
Rhode Island,6699,202,377,24-Apr
South Carolina,5070,157,3701,24-Apr
South Dakota,2040,10,1190,24-Apr
Tennessee,8728,169,4370,24-Apr
Texas,23642,624,9156,24-Apr
Utah,3782,39,1252,24-Apr
Vermont,827,44,1710,24-Apr
Virgin Islands,54,3,50,24-Apr
Virginia,11594,411,1672,24-Apr
Washington,12977,722,,24-Apr
West Virginia,1010,32,439,24-Apr
Wisconsin,5356,263,,24-Apr
Wyoming,473,7,321,24-Apr
Recovered,0,0,99079,24-Apr
Alabama,6026,209,,25-Apr
Alaska,339,9,217,25-Apr
American Samoa,0,0,,25-Apr
Arizona,6286,273,1345,25-Apr
Arkansas,2911,48,964,25-Apr
California,42368,1689,,25-Apr
Colorado,12968,684,2086,25-Apr
Connecticut,24583,1865,,25-Apr
Delaware,3576,112,809,25-Apr
Diamond Princess,49,0,0,25-Apr
District of Columbia,3699,165,652,25-Apr
Florida,30839,1055,,25-Apr
Georgia,23222,907,,25-Apr
Grand Princess,103,3,0,25-Apr
Guam,141,5,128,25-Apr
Hawaii,605,13,463,25-Apr
Idaho,1887,56,867,25-Apr
Illinois,41777,1875,,25-Apr
Indiana,14399,786,,25-Apr
Iowa,5092,112,1723,25-Apr
Kansas,3135,120,,25-Apr
Kentucky,3915,205,1341,25-Apr
Louisiana,26512,1707,14927,25-Apr
Maine,965,47,519,25-Apr
Maryland,17766,875,1165,25-Apr
Massachusetts,53348,2730,,25-Apr
Michigan,37074,3155,8342,25-Apr
Minnesota,3446,244,1654,25-Apr
Mississippi,5718,221,,25-Apr
Missouri,6935,281,,25-Apr
Montana,445,14,339,25-Apr
Nebraska,2719,50,,25-Apr
Nevada,4539,205,,25-Apr
New Hampshire,1797,53,578,25-Apr
New Jersey,105498,5914,,25-Apr
New Mexico,2660,93,614,25-Apr
New York,282143,22009,23887,25-Apr
North Carolina,8768,305,,25-Apr
North Dakota,803,16,310,25-Apr
Northern Mariana Islands,14,2,11,25-Apr
Ohio,15587,711,,25-Apr
Oklahoma,3194,194,2080,25-Apr
Oregon,2253,87,,25-Apr
Pennsylvania,41153,1793,,25-Apr
Puerto Rico,1307,83,,25-Apr
Rhode Island,7129,215,410,25-Apr
South Carolina,5253,166,3701,25-Apr
South Dakota,2147,10,1223,25-Apr
Tennessee,9189,177,4467,25-Apr
Texas,24153,638,9986,25-Apr
Utah,3948,41,1399,25-Apr
Vermont,843,46,1710,25-Apr
Virgin Islands,55,3,51,25-Apr
Virginia,12366,437,1717,25-Apr
Washington,13319,737,,25-Apr
West Virginia,1010,32,439,25-Apr
Wisconsin,5687,266,,25-Apr
Wyoming,491,7,321,25-Apr
Recovered,0,0,100372,25-Apr
Alabama,6421,219,,26-Apr
Alaska,340,9,217,26-Apr
American Samoa,0,0,,26-Apr
Arizona,6534,275,1383,26-Apr
Arkansas,3001,51,985,26-Apr
California,43558,1725,,26-Apr
Colorado,13441,688,2150,26-Apr
Connecticut,25269,1924,,26-Apr
Delaware,4034,120,911,26-Apr
Diamond Princess,49,0,0,26-Apr
District of Columbia,3841,178,657,26-Apr
Florida,31532,1075,,26-Apr
Georgia,23486,916,,26-Apr
Grand Princess,103,3,0,26-Apr
Guam,141,5,128,26-Apr
Hawaii,606,14,482,26-Apr
Idaho,1897,56,938,26-Apr
Illinois,43903,1933,,26-Apr
Indiana,15012,813,,26-Apr
Iowa,5476,118,1900,26-Apr
Kansas,3277,121,,26-Apr
Kentucky,4085,208,1501,26-Apr
Louisiana,26773,1729,14927,26-Apr
Maine,1015,50,532,26-Apr
Maryland,18581,910,1177,26-Apr
Massachusetts,54938,2899,,26-Apr
Michigan,37778,3315,8342,26-Apr
Minnesota,3602,272,1774,26-Apr
Mississippi,5911,227,,26-Apr
Missouri,7120,283,,26-Apr
Montana,448,14,339,26-Apr
Nebraska,3028,56,,26-Apr
Nevada,4734,206,,26-Apr
New Hampshire,1864,60,777,26-Apr
New Jersey,109038,5938,,26-Apr
New Mexico,2726,99,614,26-Apr
New York,288045,22269,23887,26-Apr
North Carolina,8997,324,,26-Apr
North Dakota,867,17,326,26-Apr
Northern Mariana Islands,14,2,11,26-Apr
Ohio,15972,728,,26-Apr
Oklahoma,3254,195,2139,26-Apr
Oregon,2311,92,,26-Apr
Pennsylvania,42616,1816,,26-Apr
Puerto Rico,1371,84,,26-Apr
Rhode Island,7439,226,433,26-Apr
South Carolina,5498,174,3701,26-Apr
South Dakota,2212,11,1257,26-Apr
Tennessee,9667,181,4527,26-Apr
Texas,24967,651,10763,26-Apr
Utah,4123,41,1568,26-Apr
Vermont,851,46,,26-Apr
Virgin Islands,57,4,51,26-Apr
Virginia,12970,449,1815,26-Apr
Washington,13521,749,,26-Apr
West Virginia,1055,34,455,26-Apr
Wisconsin,5912,272,,26-Apr
Wyoming,502,7,334,26-Apr
Recovered,0,0,106988,26-Apr
Alabama,6539,228,,27-Apr
Alaska,345,9,218,27-Apr
American Samoa,0,0,,27-Apr
Arizona,6725,275,1418,27-Apr
Arkansas,3069,51,987,27-Apr
California,44966,1779,,27-Apr
Colorado,13879,706,2150,27-Apr
Connecticut,25997,2012,,27-Apr
Delaware,4162,125,996,27-Apr
Diamond Princess,49,0,0,27-Apr
District of Columbia,3892,185,659,27-Apr
Florida,32138,1088,,27-Apr
Georgia,24302,995,,27-Apr
Grand Princess,103,3,0,27-Apr
Guam,141,5,128,27-Apr
Hawaii,607,16,488,27-Apr
Idaho,1897,56,983,27-Apr
Illinois,45883,1983,,27-Apr
Indiana,15961,844,,27-Apr
Iowa,5868,127,2021,27-Apr
Kansas,3473,126,,27-Apr
Kentucky,4156,213,1511,27-Apr
Louisiana,27068,1740,17303,27-Apr
Maine,1023,51,549,27-Apr
Maryland,19487,945,1263,27-Apr
Massachusetts,56462,3003,,27-Apr
Michigan,38210,3407,8342,27-Apr
Minnesota,3811,286,1842,27-Apr
Mississippi,6094,229,,27-Apr
Missouri,7305,343,,27-Apr
Montana,449,14,352,27-Apr
Nebraska,3358,56,,27-Apr
Nevada,4700,206,,27-Apr
New Hampshire,1938,60,779,27-Apr
New Jersey,111188,6044,,27-Apr
New Mexico,2825,99,650,27-Apr
New York,291996,22668,23887,27-Apr
North Carolina,9428,340,,27-Apr
North Dakota,942,19,350,27-Apr
Northern Mariana Islands,14,2,11,27-Apr
Ohio,16325,753,,27-Apr
Oklahoma,3281,197,2167,27-Apr
Oregon,2354,92,,27-Apr
Pennsylvania,43558,1886,,27-Apr
Puerto Rico,1389,84,,27-Apr
Rhode Island,7708,233,452,27-Apr
South Carolina,5613,177,3701,27-Apr
South Dakota,2244,11,1316,27-Apr
Tennessee,9918,184,4720,27-Apr
Texas,25321,666,11170,27-Apr
Utah,4236,41,1641,27-Apr
Vermont,855,47,,27-Apr
Virgin Islands,57,4,51,27-Apr
Virginia,13538,460,1843,27-Apr
Washington,13686,764,,27-Apr
West Virginia,1063,34,455,27-Apr
Wisconsin,6081,281,,27-Apr
Wyoming,520,7,342,27-Apr
Recovered,0,0,111424,27-Apr
Alabama,6750,242,,28-Apr
Alaska,351,9,228,28-Apr
American Samoa,0,0,,28-Apr
Arizona,6955,275,1450,28-Apr
Arkansas,3127,57,1146,28-Apr
California,46164,1864,,28-Apr
Colorado,14316,736,2275,28-Apr
Connecticut,26312,2087,,28-Apr
Delaware,4575,137,1096,28-Apr
Diamond Princess,49,0,0,28-Apr
District of Columbia,3994,190,660,28-Apr
Florida,32848,1171,,28-Apr
Georgia,24922,1036,,28-Apr
Grand Princess,103,3,0,28-Apr
Guam,141,5,129,28-Apr
Hawaii,609,16,493,28-Apr
Idaho,1952,60,1039,28-Apr
Illinois,48102,2125,,28-Apr
Indiana,16588,901,,28-Apr
Iowa,6376,136,2164,28-Apr
Kansas,3652,127,,28-Apr
Kentucky,4375,225,1521,28-Apr
Louisiana,27286,1801,17303,28-Apr
Maine,1040,51,585,28-Apr
Maryland,20113,1016,1295,28-Apr
Massachusetts,58302,3153,,28-Apr
Michigan,39262,3568,8342,28-Apr
Minnesota,4181,301,1912,28-Apr
Mississippi,6342,239,,28-Apr
Missouri,7450,330,,28-Apr
Montana,451,15,356,28-Apr
Nebraska,3517,56,,28-Apr
Nevada,4821,219,,28-Apr
New Hampshire,2010,60,798,28-Apr
New Jersey,113856,6442,15642,28-Apr
New Mexico,2974,105,666,28-Apr
New York,295106,22912,51630,28-Apr
North Carolina,9755,363,,28-Apr
North Dakota,991,19,409,28-Apr
Northern Mariana Islands,14,2,12,28-Apr
Ohio,16769,799,,28-Apr
Oklahoma,3410,207,2260,28-Apr
Oregon,2385,99,,28-Apr
Pennsylvania,45137,2046,,28-Apr
Puerto Rico,1400,86,,28-Apr
Rhode Island,7927,239,466,28-Apr
South Carolina,5735,192,2830,28-Apr
South Dakota,2313,11,1392,28-Apr
Tennessee,10052,188,4921,28-Apr
Texas,26357,719,11786,28-Apr
Utah,4345,41,1704,28-Apr
Vermont,862,47,,28-Apr
Virgin Islands,57,4,51,28-Apr
Virginia,14339,492,1914,28-Apr
Washington,13842,786,,28-Apr
West Virginia,1095,38,481,28-Apr
Wisconsin,6289,300,,28-Apr
Wyoming,536,7,343,28-Apr
Recovered,0,0,115936,28-Apr
Alabama,6912,256,,29-Apr
Alaska,355,9,240,29-Apr
American Samoa,0,0,,29-Apr
Arizona,7209,308,1475,29-Apr
Arkansas,3193,57,1249,29-Apr
California,48747,1946,,29-Apr
Colorado,14758,766,2275,29-Apr
Connecticut,26767,2169,,29-Apr
Delaware,4655,144,1173,29-Apr
Diamond Princess,49,0,0,29-Apr
District of Columbia,4106,205,660,29-Apr
Florida,33193,1218,,29-Apr
Georgia,25775,1101,,29-Apr
Grand Princess,103,3,0,29-Apr
Guam,141,5,130,29-Apr
Hawaii,613,16,505,29-Apr
Idaho,1952,60,1087,29-Apr
Illinois,50358,2215,,29-Apr
Indiana,17182,964,,29-Apr
Iowa,6843,148,2428,29-Apr
Kansas,3839,134,266,29-Apr
Kentucky,4537,234,1617,29-Apr
Louisiana,27660,1845,17303,29-Apr
Maine,1056,52,615,29-Apr
Maryland,20849,1078,1361,29-Apr
Massachusetts,60265,3405,,29-Apr
Michigan,40399,3670,8342,29-Apr
Minnesota,4644,319,2043,29-Apr
Mississippi,6569,250,3413,29-Apr
Missouri,7660,338,,29-Apr
Montana,451,16,382,29-Apr
Nebraska,3851,56,,29-Apr
Nevada,4934,230,100,29-Apr
New Hampshire,2058,60,936,29-Apr
New Jersey,116365,6771,15642,29-Apr
New Mexico,3213,112,705,29-Apr
New York,299691,23477,53238,29-Apr
North Carolina,10180,382,,29-Apr
North Dakota,1033,19,437,29-Apr
Northern Mariana Islands,14,2,12,29-Apr
Ohio,17303,937,,29-Apr
Oklahoma,3473,214,2319,29-Apr
Oregon,2446,101,,29-Apr
Pennsylvania,46327,2373,,29-Apr
Puerto Rico,1433,86,,29-Apr
Rhode Island,8247,251,391,29-Apr
South Carolina,5882,231,3252,29-Apr
South Dakota,2373,13,1492,29-Apr
Tennessee,10366,195,5140,29-Apr
Texas,27257,754,12507,29-Apr
Utah,4497,45,1790,29-Apr
Vermont,862,47,,29-Apr
Virgin Islands,57,4,51,29-Apr
Virginia,14962,522,2042,29-Apr
Washington,14070,801,,29-Apr
West Virginia,1110,38,504,29-Apr
Wisconsin,6520,308,,29-Apr
Wyoming,545,7,362,29-Apr
Recovered,0,0,120720,29-Apr
Alabama,7088,272,0,30-Apr
Alaska,355,9,252,30-Apr
American Samoa,0,0,0,30-Apr
Arizona,7655,320,1499,30-Apr
Arkansas,3281,61,1305,30-Apr
California,50130,2031,0,30-Apr
Colorado,15284,777,2415,30-Apr
Connecticut,27700,2257,0,30-Apr
Delaware,4734,152,1275,30-Apr
Diamond Princess,49,0,0,30-Apr
District of Columbia,4323,224,660,30-Apr
Florida,33690,1268,0,30-Apr
Georgia,26264,1132,0,30-Apr
Grand Princess,103,3,0,30-Apr
Guam,145,5,131,30-Apr
Hawaii,618,16,516,30-Apr
Idaho,1984,60,1121,30-Apr
Illinois,52918,2355,0,30-Apr
Indiana,17835,1114,0,30-Apr
Iowa,7145,162,2697,30-Apr
Kansas,4413,134,272,30-Apr
Kentucky,4708,240,1668,30-Apr
Louisiana,28001,1905,17303,30-Apr
Maine,1095,53,631,30-Apr
Maryland,21742,1140,1432,30-Apr
Massachusetts,62205,3562,0,30-Apr
Michigan,41379,3789,8342,30-Apr
Minnesota,5136,343,2172,30-Apr
Mississippi,6815,261,3413,30-Apr
Missouri,7818,350,0,30-Apr
Montana,453,16,392,30-Apr
Nebraska,4281,70,0,30-Apr
Nevada,5053,243,158,30-Apr
New Hampshire,2146,72,980,30-Apr
New Jersey,118652,7228,15642,30-Apr
New Mexico,3411,123,734,30-Apr
New York,304372,23587,54771,30-Apr
North Carolina,10754,406,0,30-Apr
North Dakota,1067,19,458,30-Apr
Northern Mariana Islands,14,2,12,30-Apr
Ohio,18027,976,0,30-Apr
Oklahoma,3618,222,2401,30-Apr
Oregon,2510,103,0,30-Apr
Pennsylvania,47971,2475,0,30-Apr
Puerto Rico,1539,92,0,30-Apr
Rhode Island,8621,266,461,30-Apr
South Carolina,6095,244,3252,30-Apr
South Dakota,2449,17,1573,30-Apr
Tennessee,10735,199,5140,30-Apr
Texas,28727,812,12507,30-Apr
Utah,4672,46,1939,30-Apr
Vermont,866,49,0,30-Apr
Virgin Islands,66,4,51,30-Apr
Virginia,15847,552,2104,30-Apr
Washington,14327,814,0,30-Apr
West Virginia,1125,41,545,30-Apr
Wisconsin,6854,316,3352,30-Apr
Wyoming,559,7,371,30-Apr
Alabama,7294,289,0,1-May
Alaska,364,9,254,1-May
American Samoa,0,0,0,1-May
Arizona,7969,330,1528,1-May
Arkansas,3337,64,1973,1-May
California,52026,2126,0,1-May
Colorado,15793,821,2486,1-May
Connecticut,28764,2339,4346,1-May
Delaware,4918,159,1403,1-May
Diamond Princess,49,0,0,1-May
District of Columbia,4658,231,666,1-May
Florida,34728,1314,0,1-May
Georgia,27489,1169,0,1-May
Grand Princess,103,3,0,1-May
Guam,145,5,131,1-May
Hawaii,619,16,526,1-May
Idaho,2015,63,1175,1-May
Illinois,56055,2457,0,1-May
Indiana,18630,1175,0,1-May
Iowa,7884,170,2899,1-May
Kansas,4634,140,280,1-May
Kentucky,4882,246,1675,1-May
Louisiana,28711,1970,17303,1-May
Maine,1123,55,657,1-May
Maryland,23472,1080,1517,1-May
Massachusetts,64311,3716,0,1-May
Michigan,42356,3866,8342,1-May
Minnesota,5730,370,2282,1-May
Mississippi,7212,281,3413,1-May
Missouri,8067,360,0,1-May
Montana,453,16,397,1-May
Nebraska,5008,73,0,1-May
Nevada,5248,246,182,1-May
New Hampshire,2310,81,980,1-May
New Jersey,121190,7538,15642,1-May
New Mexico,3513,131,760,1-May
New York,308314,24039,56187,1-May
North Carolina,11070,419,0,1-May
North Dakota,1107,23,482,1-May
Northern Mariana Islands,14,2,12,1-May
Ohio,18743,1003,0,1-May
Oklahoma,3748,230,2467,1-May
Oregon,2579,104,0,1-May
Pennsylvania,49579,2635,0,1-May
Puerto Rico,1575,94,0,1-May
Rhode Island,8962,279,485,1-May
South Carolina,6258,256,3622,1-May
South Dakota,2525,21,1686,1-May
Tennessee,11891,204,5546,1-May
Texas,29692,840,14122,1-May
Utah,4828,46,2062,1-May
Vermont,879,50,0,1-May
Virgin Islands,66,4,51,1-May
Virginia,16902,581,2196,1-May
Washington,14637,824,0,1-May
West Virginia,1152,46,555,1-May
Wisconsin,7314,327,3352,1-May
Wyoming,566,7,373,1-May